term,document_frequency,idf
a3t,2,5.666578814116735
a3t gcn,2,5.666578814116735
ability,34,3.209843041295431
ablation,17,3.87481934488868
able,5,4.973431633556789
abrupt,3,5.378896741664954
absence,2,5.666578814116735
absolute,14,4.057140901682635
absolute error,7,4.685749561105009
absolute percentage,5,4.973431633556789
absolute percentage error,5,4.973431633556789
absolute value,2,5.666578814116735
academic,2,5.666578814116735
acceleration,3,5.378896741664954
acceptable,2,5.666578814116735
accident,7,4.685749561105009
accommodate,3,5.378896741664954
according,4,5.155753190350744
account,9,4.4626060097907985
accounting,3,5.378896741664954
accuracy improvement,3,5.378896741664954
accurate forecasting,7,4.685749561105009
accurate long,3,5.378896741664954
accurate long term,2,5.666578814116735
accurate prediction,15,3.9926023805450632
accurate real,3,5.378896741664954
accurate real time,3,5.378896741664954
accurate short,4,5.155753190350744
accurate short term,4,5.155753190350744
accurate traffic,58,2.687653658879125
accurate traffic flow,14,4.057140901682635
accurate traffic forecast,3,5.378896741664954
accurate traffic forecasting,19,3.7694588292308535
accurate traffic prediction,20,3.7206686650614214
accurately,27,3.4329865926096406
accurately capture,2,5.666578814116735
accurately forecast,3,5.378896741664954
accurately forecasting,3,5.378896741664954
accurately forecasting traffic,2,5.666578814116735
accurately predict,5,4.973431633556789
accurately predict traffic,2,5.666578814116735
achieving,20,3.7206686650614214
achieving accurate,3,5.378896741664954
achieving accurate traffic,2,5.666578814116735
achieving promising,2,5.666578814116735
acquiring,2,5.666578814116735
act,2,5.666578814116735
action,2,5.666578814116735
activation,3,5.378896741664954
activation unit,2,5.666578814116735
active,2,5.666578814116735
activity,4,5.155753190350744
actual,5,4.973431633556789
actual traffic,2,5.666578814116735
adapt,16,3.9319777587286286
adaptability,11,4.280284452996844
adaptable,2,5.666578814116735
adaptation,14,4.057140901682635
adapted,3,5.378896741664954
adapter,3,5.378896741664954
adapting,5,4.973431633556789
adaptive,61,2.638056717739753
adaptive adjacency,7,4.685749561105009
adaptive adjacency matrix,7,4.685749561105009
adaptive embedding,4,5.155753190350744
adaptive graph,10,4.367295829986475
adaptive graph convolution,2,5.666578814116735
adaptive graph convolutional,2,5.666578814116735
adaptive signal,3,5.378896741664954
adaptive signal control,3,5.378896741664954
adaptive spatio,4,5.155753190350744
adaptive spatio temporal,4,5.155753190350744
adaptive spatiotemporal,2,5.666578814116735
adaptive traffic,5,4.973431633556789
adaptive traffic prediction,2,5.666578814116735
adaptive traffic signal,2,5.666578814116735
adaptively,6,4.819280953729532
adapts,3,5.378896741664954
add,3,5.378896741664954
added,5,4.973431633556789
adding,3,5.378896741664954
addition,19,3.7694588292308535
additional,11,4.280284452996844
additional feature,2,5.666578814116735
additionally,27,3.4329865926096406
address,92,2.232591609631589
addressed,2,5.666578814116735
addressing,5,4.973431633556789
adequately,5,4.973431633556789
adjacency,23,3.587137272436899
adjacency matrix,21,3.6741486494265287
adjacency matrix generation,2,5.666578814116735
adjacency relation,2,5.666578814116735
adjacent,10,4.367295829986475
adjacent node,2,5.666578814116735
adjacent time,4,5.155753190350744
adjacent time step,2,5.666578814116735
adjust,5,4.973431633556789
adjustment,3,5.378896741664954
adjusts,3,5.378896741664954
administration,2,5.666578814116735
adopt,3,5.378896741664954
adopted,7,4.685749561105009
adopting,5,4.973431633556789
adopts,4,5.155753190350744
advance,12,4.200241745323308
advanced,18,3.820752123618404
advanced deep,2,5.666578814116735
advanced deep learning,2,5.666578814116735
advanced traffic,3,5.378896741664954
advanced traffic management,2,5.666578814116735
advancement,9,4.4626060097907985
advancement thanks,2,5.666578814116735
advancing,7,4.685749561105009
advancing traffic,2,5.666578814116735
advantage,12,4.200241745323308
adversarial,8,4.567966525448625
adversarial attack,5,4.973431633556789
adversarial robustness,2,5.666578814116735
adversarial training,3,5.378896741664954
adversary,2,5.666578814116735
adverse,2,5.666578814116735
adverse weather,2,5.666578814116735
aerial,2,5.666578814116735
affect,5,4.973431633556789
affected,4,5.155753190350744
affecting,3,5.378896741664954
afternoon,2,5.666578814116735
afternoon peak,2,5.666578814116735
afterward,2,5.666578814116735
agency,5,4.973431633556789
agent,2,5.666578814116735
aggregate,9,4.4626060097907985
aggregate information,2,5.666578814116735
aggregated,6,4.819280953729532
aggregated data,2,5.666578814116735
aggregating,4,5.155753190350744
aggregation,12,4.200241745323308
aggregation mechanism,2,5.666578814116735
aggregator,2,5.666578814116735
agnostic,2,5.666578814116735
ahead,5,4.973431633556789
ahead prediction,2,5.666578814116735
ai,6,4.819280953729532
aim,20,3.7206686650614214
aimed,2,5.666578814116735
aiming,5,4.973431633556789
algorithm,26,3.4693542367805157
align,3,5.378896741664954
aligned,3,5.378896741664954
aligning,2,5.666578814116735
alignment,4,5.155753190350744
aligns,3,5.378896741664954
alleviate,4,5.155753190350744
alleviating,3,5.378896741664954
alleviating traffic,2,5.666578814116735
alleviating traffic congestion,2,5.666578814116735
allocation,8,4.567966525448625
allow,5,4.973431633556789
allowing,9,4.4626060097907985
allows,12,4.200241745323308
alternative,9,4.4626060097907985
amplifies,2,5.666578814116735
analysis,39,3.076311648670908
analysis reveals,2,5.666578814116735
analytics,2,5.666578814116735
analyze,9,4.4626060097907985
analyzed,5,4.973431633556789
analyzing,6,4.819280953729532
angeles,4,5.155753190350744
anomalous,5,4.973431633556789
anomaly,3,5.378896741664954
anticipate,3,5.378896741664954
applicability,3,5.378896741664954
applicable,5,4.973431633556789
application,53,2.7762070562205703
applied,23,3.587137272436899
applies,4,5.155753190350744
apply,11,4.280284452996844
applying,4,5.155753190350744
appropriate,3,5.378896741664954
appropriately,2,5.666578814116735
approximately,3,5.378896741664954
approximation,5,4.973431633556789
architectural,3,5.378896741664954
architecture,63,2.606308019425173
architecture called,2,5.666578814116735
architecture search,2,5.666578814116735
archived,3,5.378896741664954
archived traffic,2,5.666578814116735
archived traffic data,2,5.666578814116735
area,27,3.4329865926096406
argue,7,4.685749561105009
arima,3,5.378896741664954
arise,2,5.666578814116735
arises,5,4.973431633556789
arising,2,5.666578814116735
arrival,4,5.155753190350744
arrival time,2,5.666578814116735
art baseline,20,3.7206686650614214
art prediction,2,5.666578814116735
art spatio,2,5.666578814116735
art spatio temporal,2,5.666578814116735
art traffic,4,5.155753190350744
art traffic prediction,2,5.666578814116735
art transformer,3,5.378896741664954
article,3,5.378896741664954
artificial,8,4.567966525448625
artificial intelligence,7,4.685749561105009
aspect,11,4.280284452996844
assess,6,4.819280953729532
assessment,2,5.666578814116735
assign,2,5.666578814116735
assigns,3,5.378896741664954
assist,4,5.155753190350744
associated,6,4.819280953729532
association,3,5.378896741664954
assume,13,4.126133773169586
assumes,2,5.666578814116735
assuming,3,5.378896741664954
assumption,9,4.4626060097907985
asymmetric,2,5.666578814116735
asynchronous,2,5.666578814116735
asynchronous graph,2,5.666578814116735
asynchronously,2,5.666578814116735
attack,5,4.973431633556789
attains,2,5.666578814116735
attains superior,2,5.666578814116735
attempt,8,4.567966525448625
attempted,3,5.378896741664954
attention graph,4,5.155753190350744
attention graph convolutional,2,5.666578814116735
attention layer,4,5.155753190350744
attention lstm,2,5.666578814116735
attention map,2,5.666578814116735
attention matrix,2,5.666578814116735
attention mechanism,47,2.8939900918769537
attention module,10,4.367295829986475
attention network,13,4.126133773169586
attention score,3,5.378896741664954
attention score matrix,2,5.666578814116735
attention weight,2,5.666578814116735
attentive,3,5.378896741664954
attracted,3,5.378896741664954
attribute,12,4.200241745323308
augmentation,3,5.378896741664954
augmented,7,4.685749561105009
augmented spatio,2,5.666578814116735
augmented spatio temporal,2,5.666578814116735
authority,2,5.666578814116735
auto,5,4.973431633556789
autocorrelated,2,5.666578814116735
autocorrelated error,2,5.666578814116735
autocorrelation,3,5.378896741664954
autoencoders,3,5.378896741664954
automated,2,5.666578814116735
automatic,3,5.378896741664954
automatic lstm,2,5.666578814116735
automatic lstm customization,2,5.666578814116735
automatically,6,4.819280953729532
automatically learns,2,5.666578814116735
autonomous,2,5.666578814116735
autoregressive,2,5.666578814116735
auxiliary,5,4.973431633556789
availability,9,4.4626060097907985
available,55,2.7398394120496956
available data,3,5.378896741664954
available sensor,2,5.666578814116735
average,14,4.057140901682635
average mae,2,5.666578814116735
averaging,2,5.666578814116735
avoid,3,5.378896741664954
avoiding,5,4.973431633556789
aware,36,3.15427319014062
aware graph,2,5.666578814116735
aware graph neural,2,5.666578814116735
aware spatio,4,5.155753190350744
aware spatio temporal,4,5.155753190350744
aware traffic,3,5.378896741664954
aware traffic forecasting,2,5.666578814116735
awareness,5,4.973431633556789
backbone,11,4.280284452996844
backtracking,2,5.666578814116735
backward,2,5.666578814116735
balance,7,4.685749561105009
balanced,3,5.378896741664954
balancing,4,5.155753190350744
balancing computational,2,5.666578814116735
bank,7,4.685749561105009
base,5,4.973431633556789
baseline,89,2.2653814324545793
basic,4,5.155753190350744
basis,5,4.973431633556789
batch,3,5.378896741664954
batch learning,2,5.666578814116735
bay,19,3.7694588292308535
bayesian,3,5.378896741664954
behavior,9,4.4626060097907985
behavioral,3,5.378896741664954
benchmark,51,2.8139473842034173
benchmark dataset,2,5.666578814116735
benchmark datasets,8,4.567966525448625
benchmark traffic,3,5.378896741664954
benchmark traffic datasets,2,5.666578814116735
benchmarking,2,5.666578814116735
beneficial,2,5.666578814116735
benefit,9,4.4626060097907985
berlin,2,5.666578814116735
best,16,3.9319777587286286
best performing,2,5.666578814116735
better,45,2.9365497062957493
better capture,2,5.666578814116735
better reflects,2,5.666578814116735
bi,2,5.666578814116735
bi lstm,2,5.666578814116735
bias,5,4.973431633556789
bidirectional,3,5.378896741664954
big,7,4.685749561105009
big city,2,5.666578814116735
big data,5,4.973431633556789
black,6,4.819280953729532
black box,5,4.973431633556789
block,14,4.057140901682635
boosting,3,5.378896741664954
bottleneck,5,4.973431633556789
bound,4,5.155753190350744
boundary,3,5.378896741664954
bounded,4,5.155753190350744
box,5,4.973431633556789
branch,7,4.685749561105009
bridge,4,5.155753190350744
bridged,2,5.666578814116735
broad,3,5.378896741664954
broader,5,4.973431633556789
brought,2,5.666578814116735
build,10,4.367295829986475
building,8,4.567966525448625
built,5,4.973431633556789
burden,4,5.155753190350744
business,3,5.378896741664954
calculate,2,5.666578814116735
calculation,2,5.666578814116735
calendar,3,5.378896741664954
calibrated,2,5.666578814116735
california,18,3.820752123618404
california department,3,5.378896741664954
california highway,3,5.378896741664954
california traffic,2,5.666578814116735
called,24,3.546315277916644
called multi,2,5.666578814116735
called spatial,4,5.155753190350744
called spatial temporal,2,5.666578814116735
called spatio,2,5.666578814116735
called spatio temporal,2,5.666578814116735
caltrans,6,4.819280953729532
candidate,2,5.666578814116735
canonical,2,5.666578814116735
capability,35,3.1816721643287345
capable,6,4.819280953729532
capacity,10,4.367295829986475
capture complex,13,4.126133773169586
capture complex spatial,4,5.155753190350744
capture dynamic,3,5.378896741664954
capture fine,2,5.666578814116735
capture global,7,4.685749561105009
capture high,3,5.378896741664954
capture historical,2,5.666578814116735
capture local,4,5.155753190350744
capture long,10,4.367295829986475
capture long range,6,4.819280953729532
capture long term,3,5.378896741664954
capture multi,2,5.666578814116735
capture multiple,2,5.666578814116735
capture node,2,5.666578814116735
capture spatial,18,3.820752123618404
capture spatial correlation,2,5.666578814116735
capture spatial dependency,5,4.973431633556789
capture spatial relationship,2,5.666578814116735
capture spatial temporal,3,5.378896741664954
capture spatio,6,4.819280953729532
capture spatio temporal,6,4.819280953729532
capture spatiotemporal,3,5.378896741664954
capture temporal,5,4.973431633556789
capture temporal dependence,2,5.666578814116735
capture temporal dependency,2,5.666578814116735
capture traffic,3,5.378896741664954
captured,6,4.819280953729532
capturing,41,3.0275214845014764
capturing complex,2,5.666578814116735
capturing different,2,5.666578814116735
capturing dynamic,2,5.666578814116735
capturing long,4,5.155753190350744
capturing long range,2,5.666578814116735
capturing long term,2,5.666578814116735
capturing non,2,5.666578814116735
capturing spatial,3,5.378896741664954
capturing spatial temporal,2,5.666578814116735
capturing spatio,2,5.666578814116735
capturing spatio temporal,2,5.666578814116735
car,2,5.666578814116735
carefully,2,5.666578814116735
carlo,3,5.378896741664954
carlo dropout,2,5.666578814116735
carried,2,5.666578814116735
cascaded,2,5.666578814116735
case,18,3.820752123618404
cast,2,5.666578814116735
categorical,2,5.666578814116735
category,5,4.973431633556789
causal,10,4.367295829986475
causal convolution,3,5.378896741664954
causal relationship,3,5.378896741664954
causal spatio,2,5.666578814116735
causal spatio temporal,2,5.666578814116735
causality,3,5.378896741664954
causality test,2,5.666578814116735
cause,5,4.973431633556789
caused,13,4.126133773169586
caveat,2,5.666578814116735
cell,3,5.378896741664954
central,5,4.973431633556789
central server,2,5.666578814116735
centralized,5,4.973431633556789
certain,2,5.666578814116735
challenge arises,3,5.378896741664954
challenge related,2,5.666578814116735
challenge remain,3,5.378896741664954
challenge stem,2,5.666578814116735
challenging,68,2.531084598187585
challenging problem,4,5.155753190350744
challenging spatio,2,5.666578814116735
challenging spatio temporal,2,5.666578814116735
change,37,3.1276049430584587
changing,11,4.280284452996844
changing traffic,4,5.155753190350744
changing traffic condition,3,5.378896741664954
channel,8,4.567966525448625
chaos,2,5.666578814116735
chaos aware,2,5.666578814116735
chaotic,3,5.378896741664954
chaotic nature,2,5.666578814116735
characteristic,25,3.5070945647633627
characterize,5,4.973431633556789
characterized,4,5.155753190350744
chinese,2,5.666578814116735
chinese provincial,2,5.666578814116735
chinese provincial highway,2,5.666578814116735
choice,2,5.666578814116735
chosen,3,5.378896741664954
circumstance,2,5.666578814116735
citizen,2,5.666578814116735
city,63,2.606308019425173
city highway,2,5.666578814116735
city highway transportation,2,5.666578814116735
city initiative,2,5.666578814116735
city knowledge,2,5.666578814116735
city knowledge transfer,2,5.666578814116735
city lacking,2,5.666578814116735
city management,2,5.666578814116735
city traffic,3,5.378896741664954
city wide,5,4.973431633556789
citywide,2,5.666578814116735
citywide traffic,2,5.666578814116735
ckt,2,5.666578814116735
class,4,5.155753190350744
classic,4,5.155753190350744
classical,5,4.973431633556789
classical machine,2,5.666578814116735
classical machine learning,2,5.666578814116735
classification,2,5.666578814116735
clear,3,5.378896741664954
clearly,2,5.666578814116735
client,6,4.819280953729532
close,6,4.819280953729532
closely,2,5.666578814116735
cloudlets,2,5.666578814116735
cluster,7,4.685749561105009
clustering,8,4.567966525448625
cnn,6,4.819280953729532
cnns,2,5.666578814116735
coarse,4,5.155753190350744
coarse grained,2,5.666578814116735
code,44,2.9585286130145247
coefficient,4,5.155753190350744
collaborative,3,5.378896741664954
collaborative training,2,5.666578814116735
collect,4,5.155753190350744
collect traffic,2,5.666578814116735
collected,19,3.7694588292308535
collecting,2,5.666578814116735
collection,5,4.973431633556789
combination,8,4.567966525448625
combine,22,3.6296968868556947
combined,12,4.200241745323308
combining,13,4.126133773169586
combining graph,2,5.666578814116735
come,2,5.666578814116735
common,7,4.685749561105009
commonly,8,4.567966525448625
communication,8,4.567966525448625
communication cost,2,5.666578814116735
communication overhead,5,4.973431633556789
community,7,4.685749561105009
compact,5,4.973431633556789
comparable,3,5.378896741664954
comparative,13,4.126133773169586
comparative analysis,2,5.666578814116735
comparative evaluation,3,5.378896741664954
compare,4,5.155753190350744
comparing,7,4.685749561105009
comparison,11,4.280284452996844
compensate,2,5.666578814116735
competing,3,5.378896741664954
competing baseline,2,5.666578814116735
competition,6,4.819280953729532
competitive,20,3.7206686650614214
competitive accuracy,4,5.155753190350744
competitive baseline,2,5.666578814116735
competitive computational,4,5.155753190350744
competitive computational efficiency,4,5.155753190350744
competitive forecasting,2,5.666578814116735
competitor,2,5.666578814116735
complement,3,5.378896741664954
complementary,4,5.155753190350744
complete,8,4.567966525448625
complex design,2,5.666578814116735
complex dynamic,3,5.378896741664954
complex dynamic pattern,2,5.666578814116735
complex graph,2,5.666578814116735
complex interaction,3,5.378896741664954
complex multi,2,5.666578814116735
complex nonlinear,2,5.666578814116735
complex pattern,2,5.666578814116735
complex road,2,5.666578814116735
complex spatial,28,3.3978952727983707
complex spatial dependency,4,5.155753190350744
complex spatial temporal,18,3.820752123618404
complex spatio,22,3.6296968868556947
complex spatio temporal,22,3.6296968868556947
complex spatiotemporal,6,4.819280953729532
complex spatiotemporal dependency,2,5.666578814116735
complex spatiotemporal relationship,2,5.666578814116735
complex temporal,3,5.378896741664954
complex traffic,7,4.685749561105009
complex traffic network,2,5.666578814116735
complex urban,2,5.666578814116735
complexity,36,3.15427319014062
complicate,2,5.666578814116735
complicated,13,4.126133773169586
complicated spatial,3,5.378896741664954
complicated spatial dependency,2,5.666578814116735
complicated spatio,2,5.666578814116735
complicated spatio temporal,2,5.666578814116735
component,46,2.915043501074786
component analysis,2,5.666578814116735
composed,2,5.666578814116735
composite,2,5.666578814116735
comprehensively,5,4.973431633556789
comprehensiveness,2,5.666578814116735
compressed,2,5.666578814116735
comprises,2,5.666578814116735
comprising,4,5.155753190350744
compromise,2,5.666578814116735
compromising,2,5.666578814116735
computation,12,4.200241745323308
computation cost,2,5.666578814116735
computational,50,2.833365470060519
computational burden,3,5.378896741664954
computational complexity,10,4.367295829986475
computational cost,10,4.367295829986475
computational demand,5,4.973431633556789
computational efficiency,16,3.9319777587286286
computational overhead,4,5.155753190350744
computational requirement,2,5.666578814116735
computational resource,5,4.973431633556789
computational scalability,2,5.666578814116735
computational time,3,5.378896741664954
computationally,3,5.378896741664954
computationally efficient,3,5.378896741664954
computed,2,5.666578814116735
computer,2,5.666578814116735
computing,11,4.280284452996844
computing resource,3,5.378896741664954
concentrate,2,5.666578814116735
concept,4,5.155753190350744
concern,5,4.973431633556789
concise,2,5.666578814116735
conclude,2,5.666578814116735
concludes,2,5.666578814116735
condition,48,2.873370804674218
condition forecasting,2,5.666578814116735
condition prediction,2,5.666578814116735
conditioned,2,5.666578814116735
conducive,2,5.666578814116735
conduct,16,3.9319777587286286
conduct extensive,5,4.973431633556789
conducted,20,3.7206686650614214
conducting,3,5.378896741664954
conducting extensive,2,5.666578814116735
confidence,4,5.155753190350744
confidence interval,2,5.666578814116735
configuration,11,4.280284452996844
confirm,5,4.973431633556789
confirming,2,5.666578814116735
confirms,2,5.666578814116735
conformal,2,5.666578814116735
conformal prediction,2,5.666578814116735
confounders,2,5.666578814116735
congested,4,5.155753190350744
congested state,2,5.666578814116735
congestion,48,2.873370804674218
congestion management,3,5.378896741664954
congestion mitigation,6,4.819280953729532
congestion pattern,2,5.666578814116735
congestion pricing,2,5.666578814116735
congestion scenario,2,5.666578814116735
congestion state,2,5.666578814116735
connected,9,4.4626060097907985
connected vehicle,3,5.378896741664954
connecting,3,5.378896741664954
connection,14,4.057140901682635
connectivity,6,4.819280953729532
consensus,2,5.666578814116735
consequence,2,5.666578814116735
consequently,6,4.819280953729532
consider,22,3.6296968868556947
consider short,2,5.666578814116735
consider short range,2,5.666578814116735
consider temporal,3,5.378896741664954
considerable,5,4.973431633556789
considerable attention,2,5.666578814116735
considerably,3,5.378896741664954
consideration,3,5.378896741664954
considered,12,4.200241745323308
considering,21,3.6741486494265287
considers,6,4.819280953729532
consistency,6,4.819280953729532
consistent,3,5.378896741664954
consistently,18,3.820752123618404
consistently outperforms,9,4.4626060097907985
consistently outperforms state,2,5.666578814116735
consisting,4,5.155753190350744
consists,13,4.126133773169586
constant,2,5.666578814116735
constantly,2,5.666578814116735
constrained,6,4.819280953729532
constraint,11,4.280284452996844
construct,19,3.7694588292308535
constructed,11,4.280284452996844
constructing,7,4.685749561105009
construction,13,4.126133773169586
construction work,2,5.666578814116735
consumption,8,4.567966525448625
contains,6,4.819280953729532
content,2,5.666578814116735
context,27,3.4329865926096406
context aware,2,5.666578814116735
contextual,11,4.280284452996844
contextual information,2,5.666578814116735
continual,4,5.155753190350744
continual learning,3,5.378896741664954
continue,2,5.666578814116735
continues,3,5.378896741664954
continuous,13,4.126133773169586
continuous expansion,2,5.666578814116735
continuous time,3,5.378896741664954
continuously,10,4.367295829986475
continuously evolving,2,5.666578814116735
contrast,6,4.819280953729532
contrastive,5,4.973431633556789
contrastive learning,3,5.378896741664954
contrastive loss,2,5.666578814116735
contrastive pre,2,5.666578814116735
contrastive pre training,2,5.666578814116735
contribute,4,5.155753190350744
contributes,3,5.378896741664954
contributing,2,5.666578814116735
contribution,9,4.4626060097907985
control,20,3.7206686650614214
conv,4,5.155753190350744
conv lstm,2,5.666578814116735
conventional,12,4.200241745323308
conventional traffic,2,5.666578814116735
convergence,2,5.666578814116735
convey,2,5.666578814116735
convolution,65,2.575536360758419
convolution block,2,5.666578814116735
convolution gated,2,5.666578814116735
convolution gated recurrent,2,5.666578814116735
convolution layer,3,5.378896741664954
convolution module,4,5.155753190350744
convolution network,21,3.6741486494265287
convolution neural,2,5.666578814116735
convolution neural network,2,5.666578814116735
convolution operation,3,5.378896741664954
convolution recurrent,2,5.666578814116735
convolutional,73,2.461126009580675
convolutional gated,2,5.666578814116735
convolutional gated recurrent,2,5.666578814116735
convolutional long,2,5.666578814116735
convolutional long short,2,5.666578814116735
convolutional network,50,2.833365470060519
convolutional neural,7,4.685749561105009
convolutional neural network,7,4.685749561105009
convolutional recurrent,13,4.126133773169586
convolutional recurrent network,6,4.819280953729532
convolutional recurrent neural,6,4.819280953729532
convolutional structure,2,5.666578814116735
core,24,3.546315277916644
core challenge,2,5.666578814116735
core component,5,4.973431633556789
core innovation,2,5.666578814116735
core module,2,5.666578814116735
core technology,4,5.155753190350744
cornerstone,7,4.685749561105009
correct,2,5.666578814116735
corrected,2,5.666578814116735
correction,2,5.666578814116735
correlated,6,4.819280953729532
correlation,91,2.2434025257358043
correlation extraction,2,5.666578814116735
correlation pattern,3,5.378896741664954
correlation separately,2,5.666578814116735
correlation simultaneously,3,5.378896741664954
correlative,2,5.666578814116735
correlative spatio,2,5.666578814116735
correlative spatio temporal,2,5.666578814116735
corresponding,5,4.973431633556789
corridor,3,5.378896741664954
cost,28,3.3978952727983707
cost function,2,5.666578814116735
costly,3,5.378896741664954
count,5,4.973431633556789
count data,2,5.666578814116735
counter,3,5.378896741664954
counter data,2,5.666578814116735
counterfactual,2,5.666578814116735
counterpart,3,5.378896741664954
couple,3,5.378896741664954
coupled,7,4.685749561105009
coupling,2,5.666578814116735
covariance,2,5.666578814116735
covariates,2,5.666578814116735
cover,5,4.973431633556789
coverage,8,4.567966525448625
crafted,2,5.666578814116735
crash,2,5.666578814116735
create,6,4.819280953729532
created,2,5.666578814116735
creating,4,5.155753190350744
criterion,3,5.378896741664954
critical,41,3.0275214845014764
critical challenge,4,5.155753190350744
critical component,3,5.378896741664954
critical role,3,5.378896741664954
critically,5,4.973431633556789
cross,26,3.4693542367805157
cross attention,3,5.378896741664954
cross attention mechanism,2,5.666578814116735
cross city,8,4.567966525448625
cross city knowledge,2,5.666578814116735
cross domain,4,5.155753190350744
cross scale,2,5.666578814116735
cross spatial,2,5.666578814116735
cross spatial temporal,2,5.666578814116735
crucial,48,2.873370804674218
crucial research,2,5.666578814116735
crucial role,11,4.280284452996844
current,40,3.051619036080537
current graph,2,5.666578814116735
current intelligent,2,5.666578814116735
current intelligent transportation,2,5.666578814116735
current public,2,5.666578814116735
current public datasets,2,5.666578814116735
current research,4,5.155753190350744
current state,2,5.666578814116735
current traffic,4,5.155753190350744
current traffic speed,2,5.666578814116735
currently,2,5.666578814116735
customization,3,5.378896741664954
customize,2,5.666578814116735
customizes,2,5.666578814116735
customizing,3,5.378896741664954
cutting,2,5.666578814116735
cv,3,5.378896741664954
cycle,4,5.155753190350744
cyclic,2,5.666578814116735
d2stgnn,2,5.666578814116735
daily,12,4.200241745323308
daily life,2,5.666578814116735
daily traffic,2,5.666578814116735
data analysis,2,5.666578814116735
data availability,2,5.666578814116735
data collected,10,4.367295829986475
data collection,4,5.155753190350744
data distribution,6,4.819280953729532
data driven,24,3.546315277916644
data driven graph,2,5.666578814116735
data driven learning,2,5.666578814116735
data driven traffic,2,5.666578814116735
data fusion,3,5.378896741664954
data hinders,2,5.666578814116735
data imbalance,2,5.666578814116735
data mining,4,5.155753190350744
data point,2,5.666578814116735
data processing,2,5.666578814116735
data provided,2,5.666578814116735
data quality,2,5.666578814116735
data recorded,2,5.666578814116735
data remains,2,5.666578814116735
data rich,4,5.155753190350744
data rich source,2,5.666578814116735
data scarce,11,4.280284452996844
data scarce city,3,5.378896741664954
data scarce scenario,2,5.666578814116735
data scarce target,3,5.378896741664954
data scarcity,4,5.155753190350744
data scarcity issue,2,5.666578814116735
data scenario,2,5.666578814116735
data separately,2,5.666578814116735
data sequence,2,5.666578814116735
data set,9,4.4626060097907985
data source,4,5.155753190350744
database,3,5.378896741664954
dataset,37,3.1276049430584587
datasets offer,2,5.666578814116735
datasets offer evidence,2,5.666578814116735
datasets validate,4,5.155753190350744
date,2,5.666578814116735
day,10,4.367295829986475
day ahead,2,5.666578814116735
day pattern,2,5.666578814116735
dcrnn,5,4.973431633556789
deal,8,4.567966525448625
dealing,2,5.666578814116735
decade,9,4.4626060097907985
decentralized,2,5.666578814116735
decision,17,3.87481934488868
decision making,10,4.367295829986475
decoder,15,3.9926023805450632
decoder architecture,3,5.378896741664954
decompose,3,5.378896741664954
decomposed,3,5.378896741664954
decomposition,8,4.567966525448625
decouple,2,5.666578814116735
decouple traffic,2,5.666578814116735
decouple traffic signal,2,5.666578814116735
decoupled,3,5.378896741664954
decoupled spatial,2,5.666578814116735
decouples,3,5.378896741664954
decoupling,4,5.155753190350744
decrease,4,5.155753190350744
dedicated,4,5.155753190350744
deep learning,78,2.395743250317823
deep learning architecture,2,5.666578814116735
deep learning technique,2,5.666578814116735
deep learning traffic,3,5.378896741664954
deep network,2,5.666578814116735
deep neural,11,4.280284452996844
deep neural network,10,4.367295829986475
deeper,2,5.666578814116735
defense,2,5.666578814116735
define,6,4.819280953729532
defined,14,4.057140901682635
defined geographical,2,5.666578814116735
defined graph,5,4.973431633556789
defined graph structure,3,5.378896741664954
defining,2,5.666578814116735
degradation,6,4.819280953729532
degrade,3,5.378896741664954
degrades,2,5.666578814116735
delay,10,4.367295829986475
delay aware,2,5.666578814116735
delay effect,2,5.666578814116735
delayed,3,5.378896741664954
delivering,2,5.666578814116735
demand,16,3.9319777587286286
demand forecasting,2,5.666578814116735
demonstrated,14,4.057140901682635
demonstrated excellent,2,5.666578814116735
demonstrates,16,3.9319777587286286
demonstrates superior,2,5.666578814116735
demonstrating,12,4.200241745323308
dense,5,4.973431633556789
density,3,5.378896741664954
dent,2,5.666578814116735
department,5,4.973431633556789
depend,5,4.973431633556789
dependence,14,4.057140901682635
dependency efficiently,2,5.666578814116735
dependency graph,2,5.666578814116735
dependency learning,2,5.666578814116735
dependency make,3,5.378896741664954
dependency modeling,3,5.378896741664954
dependency separately,3,5.378896741664954
dependency simultaneously,2,5.666578814116735
dependent,7,4.685749561105009
depending,2,5.666578814116735
depends,4,5.155753190350744
deployed,11,4.280284452996844
deploying,2,5.666578814116735
deployment,20,3.7206686650614214
depth,7,4.685749561105009
derive,2,5.666578814116735
derived,5,4.973431633556789
descent,2,5.666578814116735
description,3,5.378896741664954
design,50,2.833365470060519
design allows,2,5.666578814116735
designed,47,2.8939900918769537
designing,3,5.378896741664954
despite,16,3.9319777587286286
detailed,3,5.378896741664954
detection,4,5.155753190350744
detector,16,3.9319777587286286
detector data,3,5.378896741664954
deteriorates,2,5.666578814116735
determining,2,5.666578814116735
deterministic,5,4.973431633556789
develop,14,4.057140901682635
developed,15,3.9926023805450632
developing,11,4.280284452996844
development,25,3.5070945647633627
develops,3,5.378896741664954
device,7,4.685749561105009
device support,2,5.666578814116735
devise,2,5.666578814116735
devised,2,5.666578814116735
devoted,5,4.973431633556789
diagnostic,2,5.666578814116735
difference,7,4.685749561105009
different channel,2,5.666578814116735
different city,3,5.378896741664954
different combination,2,5.666578814116735
different data,5,4.973431633556789
different datasets,2,5.666578814116735
different factor,2,5.666578814116735
different level,4,5.155753190350744
different location,4,5.155753190350744
different node,2,5.666578814116735
different period,2,5.666578814116735
different prediction,3,5.378896741664954
different prediction horizon,2,5.666578814116735
different region,3,5.378896741664954
different road,6,4.819280953729532
different road network,3,5.378896741664954
different scale,3,5.378896741664954
different scenario,2,5.666578814116735
different source,2,5.666578814116735
different spatial,2,5.666578814116735
different spatio,2,5.666578814116735
different spatio temporal,2,5.666578814116735
different temporal,2,5.666578814116735
different time,13,4.126133773169586
different time step,3,5.378896741664954
different time window,2,5.666578814116735
different traffic,6,4.819280953729532
different traffic node,2,5.666578814116735
different type,2,5.666578814116735
differential,5,4.973431633556789
differential equation,5,4.973431633556789
differs,3,5.378896741664954
difficult,15,3.9926023805450632
difficult problem,2,5.666578814116735
difficulty,7,4.685749561105009
diffusion,12,4.200241745323308
diffusion convolution,2,5.666578814116735
diffusion convolutional,3,5.378896741664954
diffusion convolutional recurrent,3,5.378896741664954
diffusion network,2,5.666578814116735
diffusion process,3,5.378896741664954
dilated,7,4.685749561105009
dilated causal,3,5.378896741664954
dilated causal convolution,2,5.666578814116735
dilated convolution,2,5.666578814116735
dilution,2,5.666578814116735
dimension,15,3.9926023805450632
dimensional,9,4.4626060097907985
dimensional space,2,5.666578814116735
diminished,2,5.666578814116735
diminishing,2,5.666578814116735
direct,8,4.567966525448625
directed,2,5.666578814116735
direction,14,4.057140901682635
directly,10,4.367295829986475
directly share,2,5.666578814116735
discover,3,5.378896741664954
discovers,2,5.666578814116735
discrete,3,5.378896741664954
discriminate,2,5.666578814116735
discriminating,2,5.666578814116735
discriminating feature,2,5.666578814116735
discus,6,4.819280953729532
discus open,2,5.666578814116735
discus open challenge,2,5.666578814116735
discussed,2,5.666578814116735
disentangles,2,5.666578814116735
dispatching,2,5.666578814116735
disruption,4,5.155753190350744
distance,14,4.057140901682635
distant,4,5.155753190350744
distill,2,5.666578814116735
distillation,6,4.819280953729532
distillation style,2,5.666578814116735
distillation style learning,2,5.666578814116735
distilled,3,5.378896741664954
distinct,14,4.057140901682635
distinct traffic,3,5.378896741664954
distributed,17,3.87481934488868
distributed fine,2,5.666578814116735
distributed fine grained,2,5.666578814116735
distributed sensor,3,5.378896741664954
distribution,25,3.5070945647633627
distribution shift,6,4.819280953729532
district,3,5.378896741664954
disturbance,3,5.378896741664954
divergence,2,5.666578814116735
diverse,21,3.6741486494265287
diverse data,2,5.666578814116735
diverse scenario,2,5.666578814116735
diverse temporal,2,5.666578814116735
diverse traffic,3,5.378896741664954
diverse urban,3,5.378896741664954
diversified,2,5.666578814116735
diversity,3,5.378896741664954
divide,2,5.666578814116735
divided,2,5.666578814116735
division,2,5.666578814116735
dl,9,4.4626060097907985
dnn,4,5.155753190350744
dnns,3,5.378896741664954
doe,7,4.685749561105009
domain,37,3.1276049430584587
domain adaptation,3,5.378896741664954
domain expert,3,5.378896741664954
domain knowledge,3,5.378896741664954
domain spatial,2,5.666578814116735
domain spatial temporal,2,5.666578814116735
dominant,5,4.973431633556789
dominated,2,5.666578814116735
double,2,5.666578814116735
downstream,8,4.567966525448625
downstream application,2,5.666578814116735
downtime,2,5.666578814116735
dramatically,2,5.666578814116735
drastically,2,5.666578814116735
draw,2,5.666578814116735
drawback,5,4.973431633556789
drawing,2,5.666578814116735
drawing inspiration,2,5.666578814116735
drawn,3,5.378896741664954
driven,32,3.268683541318364
driven graph,3,5.378896741664954
driven graph learning,2,5.666578814116735
driven learning,2,5.666578814116735
driven traffic,3,5.378896741664954
driven traffic prediction,2,5.666578814116735
driver,2,5.666578814116735
driving,3,5.378896741664954
drone,2,5.666578814116735
drop,4,5.155753190350744
dropout,3,5.378896741664954
dtw,2,5.666578814116735
dual,9,4.4626060097907985
dual view,2,5.666578814116735
duration,8,4.567966525448625
dynamic adjacency,4,5.155753190350744
dynamic adjacency matrix,3,5.378896741664954
dynamic association,2,5.666578814116735
dynamic change,6,4.819280953729532
dynamic changing,2,5.666578814116735
dynamic characteristic,2,5.666578814116735
dynamic dependency,2,5.666578814116735
dynamic edge,2,5.666578814116735
dynamic feature,2,5.666578814116735
dynamic graph,18,3.820752123618404
dynamic graph convolution,4,5.155753190350744
dynamic graph convolutional,4,5.155753190350744
dynamic graph structure,4,5.155753190350744
dynamic interaction,3,5.378896741664954
dynamic multi,2,5.666578814116735
dynamic multi graph,2,5.666578814116735
dynamic nature,3,5.378896741664954
dynamic pattern,2,5.666578814116735
dynamic relationship,2,5.666578814116735
dynamic semantic,2,5.666578814116735
dynamic spatial,21,3.6741486494265287
dynamic spatial correlation,2,5.666578814116735
dynamic spatial dependence,2,5.666578814116735
dynamic spatial dependency,3,5.378896741664954
dynamic spatial temporal,9,4.4626060097907985
dynamic spatio,7,4.685749561105009
dynamic spatio temporal,7,4.685749561105009
dynamic spatiotemporal,3,5.378896741664954
dynamic temporal,9,4.4626060097907985
dynamic temporal correlation,2,5.666578814116735
dynamic temporal dependency,3,5.378896741664954
dynamic time,2,5.666578814116735
dynamic time warping,2,5.666578814116735
dynamic traffic,8,4.567966525448625
dynamic traffic flow,2,5.666578814116735
dynamic traffic information,2,5.666578814116735
dynamic traffic pattern,2,5.666578814116735
dynamic urban,2,5.666578814116735
dynamical,4,5.155753190350744
dynamically,24,3.546315277916644
dynamically adjusts,2,5.666578814116735
dynamically learn,2,5.666578814116735
early,3,5.378896741664954
ease,2,5.666578814116735
easily,4,5.155753190350744
edge,15,3.9926023805450632
edge weight,2,5.666578814116735
effect,20,3.7206686650614214
effectively,61,2.638056717739753
effectively address,2,5.666578814116735
effectively capture,17,3.87481934488868
effectively capture complex,4,5.155753190350744
effectively capture long,2,5.666578814116735
effectively capture spatial,2,5.666578814116735
effectively capturing,2,5.666578814116735
effectively extract,2,5.666578814116735
effectively forecast,2,5.666578814116735
effectively modeling,3,5.378896741664954
effectively modeling spatial,2,5.666578814116735
efficacy,6,4.819280953729532
efficiency,53,2.7762070562205703
efficient,51,2.8139473842034173
efficient alternative,2,5.666578814116735
efficient learning,2,5.666578814116735
efficient resource,3,5.378896741664954
efficient resource allocation,3,5.378896741664954
efficient spatiotemporal,2,5.666578814116735
efficient traffic,7,4.685749561105009
efficient traffic state,2,5.666578814116735
efficiently,17,3.87481934488868
efficiently capture,3,5.378896741664954
effort,13,4.126133773169586
elaborate,4,5.155753190350744
elaborately,2,5.666578814116735
element,3,5.378896741664954
eliminates,2,5.666578814116735
embed,4,5.155753190350744
embedded,3,5.378896741664954
embedding,25,3.5070945647633627
embedding spatial,2,5.666578814116735
embeddings,20,3.7206686650614214
emerge,3,5.378896741664954
emerged,15,3.9926023805450632
emerges,2,5.666578814116735
emerging,5,4.973431633556789
emission,2,5.666578814116735
emphasis,2,5.666578814116735
emphasize,4,5.155753190350744
emphasizing,3,5.378896741664954
empirical,12,4.200241745323308
empirical evaluation,3,5.378896741664954
empirically,4,5.155753190350744
employ,40,3.051619036080537
employ graph,3,5.378896741664954
employed,14,4.057140901682635
employing,5,4.973431633556789
enable,10,4.367295829986475
enables,22,3.6296968868556947
enabling,31,3.299455199985118
enabling efficient,4,5.155753190350744
enabling efficient resource,2,5.666578814116735
encode,4,5.155753190350744
encoded,2,5.666578814116735
encoder,22,3.6296968868556947
encoder decoder,8,4.567966525448625
encoder decoder architecture,3,5.378896741664954
encoders,5,4.973431633556789
encodes,3,5.378896741664954
encoding,17,3.87481934488868
encompasses,4,5.155753190350744
encounter,3,5.378896741664954
encounter challenge,2,5.666578814116735
encountered,4,5.155753190350744
encountering,2,5.666578814116735
end,22,3.6296968868556947
end training,2,5.666578814116735
energy,2,5.666578814116735
engineering,6,4.819280953729532
enhance,40,3.051619036080537
enhance predictive,2,5.666578814116735
enhance traffic,6,4.819280953729532
enhance traffic prediction,2,5.666578814116735
enhanced,23,3.587137272436899
enhanced spatial,3,5.378896741664954
enhanced spatial temporal,3,5.378896741664954
enhanced spatio,3,5.378896741664954
enhanced spatio temporal,3,5.378896741664954
enhanced traffic,3,5.378896741664954
enhanced traffic flow,2,5.666578814116735
enhancement,6,4.819280953729532
enhances,19,3.7694588292308535
enhancing,16,3.9319777587286286
enormous,3,5.378896741664954
enormous effort,2,5.666578814116735
enrich,3,5.378896741664954
enriched,2,5.666578814116735
ensemble,6,4.819280953729532
ensure,7,4.685749561105009
ensure accurate,2,5.666578814116735
ensuring,8,4.567966525448625
entire,8,4.567966525448625
entire city,2,5.666578814116735
entirely,6,4.819280953729532
entropy,3,5.378896741664954
environment,15,3.9926023805450632
environmental,4,5.155753190350744
epoch,2,5.666578814116735
equally,3,5.378896741664954
equation,5,4.973431633556789
equipped,3,5.378896741664954
equivalent,2,5.666578814116735
error,37,3.1276049430584587
error metric,2,5.666578814116735
essence,2,5.666578814116735
essential,36,3.15427319014062
essential component,2,5.666578814116735
essential role,3,5.378896741664954
establish,5,4.973431633556789
established,5,4.973431633556789
establishes,3,5.378896741664954
establishing,3,5.378896741664954
estimate,8,4.567966525448625
estimated,4,5.155753190350744
estimation,10,4.367295829986475
estimator,2,5.666578814116735
evacuation,4,5.155753190350744
evacuation period,2,5.666578814116735
evacuation period traffic,2,5.666578814116735
evacuation traffic,3,5.378896741664954
evacuation traffic management,3,5.378896741664954
evacuation traffic prediction,3,5.378896741664954
evaluate,31,3.299455199985118
evaluated,15,3.9926023805450632
evaluating,4,5.155753190350744
evaluation,31,3.299455199985118
evaluation metric,3,5.378896741664954
evening,2,5.666578814116735
event,23,3.587137272436899
event traffic,2,5.666578814116735
event traffic management,2,5.666578814116735
eventually,2,5.666578814116735
evidence,6,4.819280953729532
evolution,10,4.367295829986475
evolutionary,3,5.378896741664954
evolve,6,4.819280953729532
evolving,14,4.057140901682635
evolving graph,2,5.666578814116735
evolving network,2,5.666578814116735
evolving pattern,3,5.378896741664954
evolving spatial,2,5.666578814116735
examine,4,5.155753190350744
examined,5,4.973431633556789
example,3,5.378896741664954
exceeds,2,5.666578814116735
excel,2,5.666578814116735
excellent,7,4.685749561105009
exceptional,7,4.685749561105009
excessive,2,5.666578814116735
exchange,2,5.666578814116735
exchanging,3,5.378896741664954
exclusively,2,5.666578814116735
execution,2,5.666578814116735
exhibit,16,3.9319777587286286
exhibit competitive,3,5.378896741664954
exhibit competitive computational,3,5.378896741664954
exhibiting,2,5.666578814116735
exist,3,5.378896741664954
exogenous,3,5.378896741664954
exogenous factor,2,5.666578814116735
expanding,4,5.155753190350744
expansion,7,4.685749561105009
expected,3,5.378896741664954
expensive,2,5.666578814116735
experience,6,4.819280953729532
experienced,2,5.666578814116735
experienced significant,2,5.666578814116735
experienced significant advancement,2,5.666578814116735
experimentation,2,5.666578814116735
expert,11,4.280284452996844
explain,3,5.378896741664954
explainability,5,4.973431633556789
explainable,4,5.155753190350744
explainable traffic,2,5.666578814116735
explainable traffic flow,2,5.666578814116735
explainable traffic prediction,2,5.666578814116735
explanation,4,5.155753190350744
explicit,5,4.973431633556789
explicitly,17,3.87481934488868
explicitly capture,2,5.666578814116735
explicitly learns,2,5.666578814116735
exploit,3,5.378896741664954
exploited,2,5.666578814116735
exploiting,4,5.155753190350744
exploration,4,5.155753190350744
explore,14,4.057140901682635
explored,7,4.685749561105009
explores,2,5.666578814116735
expose,2,5.666578814116735
expressive,3,5.378896741664954
expressive power,3,5.378896741664954
expressway,3,5.378896741664954
extend,8,4.567966525448625
extended,11,4.280284452996844
extending,3,5.378896741664954
extends,3,5.378896741664954
extension,2,5.666578814116735
extensive comparative,3,5.378896741664954
extensive comparative evaluation,2,5.666578814116735
extensively,4,5.155753190350744
external,13,4.126133773169586
external factor,5,4.973431633556789
external knowledge,2,5.666578814116735
extra,4,5.155753190350744
extract,36,3.15427319014062
extract dynamic,2,5.666578814116735
extract multi,2,5.666578814116735
extract spatial,4,5.155753190350744
extract static,2,5.666578814116735
extracted,5,4.973431633556789
extracting,9,4.4626060097907985
extraction,15,3.9926023805450632
extraction layer,2,5.666578814116735
extraction module,2,5.666578814116735
extreme,4,5.155753190350744
extremely,4,5.155753190350744
extremely challenging,2,5.666578814116735
extremely long,2,5.666578814116735
extremely long forecasting,2,5.666578814116735
face,21,3.6741486494265287
face challenge,6,4.819280953729532
face significant,2,5.666578814116735
faced,2,5.666578814116735
facilitate,5,4.973431633556789
facilitating,5,4.973431633556789
fact,6,4.819280953729532
factor,28,3.3978952727983707
factorized,2,5.666578814116735
fail,20,3.7206686650614214
failed,2,5.666578814116735
failing,4,5.155753190350744
failure,3,5.378896741664954
fair,2,5.666578814116735
fair comparison,2,5.666578814116735
fall,4,5.155753190350744
fall short,3,5.378896741664954
family,2,5.666578814116735
far,8,4.567966525448625
fashion,2,5.666578814116735
fast,11,4.280284452996844
fast fourier,3,5.378896741664954
fast fourier transform,3,5.378896741664954
faster,3,5.378896741664954
faster training,2,5.666578814116735
favorable,3,5.378896741664954
favoring,2,5.666578814116735
favourable,2,5.666578814116735
feasible,2,5.666578814116735
feature engineering,5,4.973431633556789
feature extraction,10,4.367295829986475
feature extraction layer,2,5.666578814116735
feature fusion,5,4.973431633556789
feature learning,2,5.666578814116735
feature representation,2,5.666578814116735
feature selection,2,5.666578814116735
feature transformation,2,5.666578814116735
fed,6,4.819280953729532
federated,7,4.685749561105009
federated learning,6,4.819280953729532
federated learning technique,2,5.666578814116735
federated traffic,2,5.666578814116735
federated traffic prediction,2,5.666578814116735
feedback,4,5.155753190350744
fewer,4,5.155753190350744
fft,2,5.666578814116735
field,31,3.299455199985118
filter,8,4.567966525448625
filtering,6,4.819280953729532
final,9,4.4626060097907985
final prediction,3,5.378896741664954
finally,27,3.4329865926096406
finding,17,3.87481934488868
finding reveal,2,5.666578814116735
fine,23,3.587137272436899
fine grained,11,4.280284452996844
fine grained traffic,3,5.378896741664954
fine tune,2,5.666578814116735
fine tuned,4,5.155753190350744
fine tuning,4,5.155753190350744
fine tuning stage,2,5.666578814116735
firstly,8,4.567966525448625
fit,4,5.155753190350744
fit statistic,2,5.666578814116735
fitting,3,5.378896741664954
fixed,16,3.9319777587286286
fixed graph,3,5.378896741664954
fixed number,3,5.378896741664954
fixed sensor,3,5.378896741664954
fl,7,4.685749561105009
fleet,2,5.666578814116735
flexibility,7,4.685749561105009
flexible,4,5.155753190350744
flexibly,3,5.378896741664954
floating,2,5.666578814116735
florida,3,5.378896741664954
flow data,13,4.126133773169586
flow dataset,3,5.378896741664954
flow datasets,5,4.973431633556789
flow dynamic,3,5.378896741664954
flow forecasting,41,3.0275214845014764
flow forecasting play,2,5.666578814116735
flow information,2,5.666578814116735
flow management,2,5.666578814116735
flow observation,2,5.666578814116735
flow pattern,4,5.155753190350744
flow prediction,65,2.575536360758419
flow prediction play,4,5.155753190350744
flow prediction remains,3,5.378896741664954
flow value,2,5.666578814116735
flow volume,2,5.666578814116735
fluctuation,9,4.4626060097907985
focal,2,5.666578814116735
focus,43,2.9810014688665833
focused,6,4.819280953729532
focusing,6,4.819280953729532
fold,3,5.378896741664954
follow,3,5.378896741664954
followed,3,5.378896741664954
following,5,4.973431633556789
forecast,41,3.0275214845014764
forecast accuracy,2,5.666578814116735
forecast traffic,11,4.280284452996844
forecast traffic flow,4,5.155753190350744
forecasting accuracy,7,4.685749561105009
forecasting benchmark,2,5.666578814116735
forecasting datasets,4,5.155753190350744
forecasting horizon,4,5.155753190350744
forecasting play,8,4.567966525448625
forecasting problem,11,4.280284452996844
forecasting remains,3,5.378896741664954
forecasting requires,2,5.666578814116735
forecasting research,2,5.666578814116735
forecasting traffic,7,4.685749561105009
forecasting traffic flow,3,5.378896741664954
forecasting traffic speed,2,5.666578814116735
forest,2,5.666578814116735
forgetting,2,5.666578814116735
form,8,4.567966525448625
formulate,3,5.378896741664954
formulated,2,5.666578814116735
formulation,2,5.666578814116735
forward,2,5.666578814116735
foundation,10,4.367295829986475
fourier,5,4.973431633556789
fourier transform,4,5.155753190350744
fourth,2,5.666578814116735
fragmentation,2,5.666578814116735
frame,2,5.666578814116735
free,6,4.819280953729532
free fl,2,5.666578814116735
free flow,2,5.666578814116735
freeway,10,4.367295829986475
freeway i5,2,5.666578814116735
freeway traffic,2,5.666578814116735
frequency,15,3.9926023805450632
frequency component,2,5.666578814116735
frequency data,2,5.666578814116735
frequency domain,4,5.155753190350744
frozen,2,5.666578814116735
fully,13,4.126133773169586
fully capture,4,5.155753190350744
function,16,3.9319777587286286
functional,5,4.973431633556789
functional class,2,5.666578814116735
fundamental,19,3.7694588292308535
fundamental challenge,2,5.666578814116735
fundamental problem,4,5.155753190350744
furthermore,42,3.003990987091282
fuse,8,4.567966525448625
fused,8,4.567966525448625
fusing,6,4.819280953729532
fusion,30,3.3312038982996985
fusion graph,6,4.819280953729532
fusion graph convolution,2,5.666578814116735
fusion module,6,4.819280953729532
fusion operation,2,5.666578814116735
future,64,2.5908038328892076
future direction,4,5.155753190350744
future flow,2,5.666578814116735
future research,8,4.567966525448625
future research direction,2,5.666578814116735
future time,3,5.378896741664954
future traffic,22,3.6296968868556947
future traffic condition,4,5.155753190350744
future traffic congestion,2,5.666578814116735
future traffic flow,2,5.666578814116735
future traffic speed,2,5.666578814116735
future traffic state,3,5.378896741664954
ga,2,5.666578814116735
gain,5,4.973431633556789
gained,4,5.155753190350744
gap,15,3.9926023805450632
gat,5,4.973431633556789
gate,5,4.973431633556789
gate recurrent,2,5.666578814116735
gate recurrent unit,2,5.666578814116735
gated,21,3.6741486494265287
gated activation,2,5.666578814116735
gated activation unit,2,5.666578814116735
gated recurrent,12,4.200241745323308
gated recurrent unit,11,4.280284452996844
gated temporal,3,5.378896741664954
gated temporal convolution,2,5.666578814116735
gathering,3,5.378896741664954
gating,6,4.819280953729532
gating mechanism,4,5.155753190350744
gaussian,4,5.155753190350744
gc,2,5.666578814116735
gcgrnn,2,5.666578814116735
gcn,20,3.7206686650614214
gcns,9,4.4626060097907985
gcrn,5,4.973431633556789
general,9,4.4626060097907985
generalisation,5,4.973431633556789
generalisation bound,3,5.378896741664954
generalization,19,3.7694588292308535
generalization ability,4,5.155753190350744
generalization capability,4,5.155753190350744
generalize,6,4.819280953729532
generalized,2,5.666578814116735
generally,2,5.666578814116735
generate,22,3.6296968868556947
generate accurate,2,5.666578814116735
generate adversarial,2,5.666578814116735
generated,15,3.9926023805450632
generates,8,4.567966525448625
generating,3,5.378896741664954
generation,16,3.9319777587286286
generation module,2,5.666578814116735
generative,3,5.378896741664954
generator,7,4.685749561105009
generic,5,4.973431633556789
geo,2,5.666578814116735
geographic,4,5.155753190350744
geographical,10,4.367295829986475
geographical area,3,5.378896741664954
geographical location,2,5.666578814116735
geographically,5,4.973431633556789
geographically distributed,2,5.666578814116735
geographically distributed sensor,2,5.666578814116735
geometric,5,4.973431633556789
geometry,3,5.378896741664954
github,4,5.155753190350744
given,12,4.200241745323308
global,37,3.1276049430584587
global attention,3,5.378896741664954
global dependency,5,4.973431633556789
global dynamic,2,5.666578814116735
global information,3,5.378896741664954
global node,2,5.666578814116735
global spatial,5,4.973431633556789
global spatial temporal,2,5.666578814116735
global spatio,3,5.378896741664954
global spatio temporal,3,5.378896741664954
global temporal,5,4.973431633556789
global temporal pattern,2,5.666578814116735
global traffic,2,5.666578814116735
globally,4,5.155753190350744
gman,4,5.155753190350744
gnn,26,3.4693542367805157
gnn architecture,2,5.666578814116735
gnns,26,3.4693542367805157
goal,5,4.973431633556789
good,7,4.685749561105009
goodness,2,5.666578814116735
gossip,2,5.666578814116735
gossip learning,2,5.666578814116735
gp,2,5.666578814116735
gpu,3,5.378896741664954
gpu memory,2,5.666578814116735
gradient,9,4.4626060097907985
gradient descent,2,5.666578814116735
gradually,2,5.666578814116735
grained,13,4.126133773169586
grained temporal,2,5.666578814116735
grained traffic,3,5.378896741664954
grained traffic speed,2,5.666578814116735
granger,2,5.666578814116735
granger causality,2,5.666578814116735
granger causality test,2,5.666578814116735
granularity,5,4.973431633556789
graph attention,12,4.200241745323308
graph attention network,9,4.4626060097907985
graph construction,4,5.155753190350744
graph convolution,46,2.915043501074786
graph convolution gated,2,5.666578814116735
graph convolution layer,2,5.666578814116735
graph convolution module,2,5.666578814116735
graph convolution network,17,3.87481934488868
graph convolution operation,2,5.666578814116735
graph convolution recurrent,2,5.666578814116735
graph convolutional,60,2.654317238611533
graph convolutional gated,2,5.666578814116735
graph convolutional network,47,2.8939900918769537
graph convolutional recurrent,10,4.367295829986475
graph data,4,5.155753190350744
graph diffusion,2,5.666578814116735
graph embedding,2,5.666578814116735
graph enhanced,2,5.666578814116735
graph fusion,2,5.666578814116735
graph generation,4,5.155753190350744
graph generator,3,5.378896741664954
graph learner,2,5.666578814116735
graph learning,12,4.200241745323308
graph learning strategy,2,5.666578814116735
graph level,3,5.378896741664954
graph masking,2,5.666578814116735
graph masking matrix,2,5.666578814116735
graph modeling,3,5.378896741664954
graph network,6,4.819280953729532
graph neural,75,2.4344577624985133
graph neural network,72,2.4747316616364534
graph neural ode,2,5.666578814116735
graph node,3,5.378896741664954
graph operation,2,5.666578814116735
graph pruning,2,5.666578814116735
graph reconstruction,2,5.666578814116735
graph recurrent,2,5.666578814116735
graph recurrent network,2,5.666578814116735
graph representation,3,5.378896741664954
graph spatial,2,5.666578814116735
graph spatial temporal,2,5.666578814116735
graph structure,31,3.299455199985118
graph structure learning,2,5.666578814116735
graph topology,3,5.378896741664954
graph transfer,2,5.666578814116735
graph transfer learning,2,5.666578814116735
graph transformer,8,4.567966525448625
graph wavelet,2,5.666578814116735
graph wavenet,2,5.666578814116735
graphical,2,5.666578814116735
great,17,3.87481934488868
great attention,2,5.666578814116735
great potential,2,5.666578814116735
great progress,2,5.666578814116735
great significance,4,5.155753190350744
greater,2,5.666578814116735
greatly,3,5.378896741664954
grey,3,5.378896741664954
grid,3,5.378896741664954
ground,3,5.378896741664954
ground truth,3,5.378896741664954
group,6,4.819280953729532
grouping,3,5.378896741664954
grow,3,5.378896741664954
growing,7,4.685749561105009
growth,4,5.155753190350744
gru,13,4.126133773169586
guarantee,8,4.567966525448625
guidance,8,4.567966525448625
guide,7,4.685749561105009
guided,5,4.973431633556789
guided spatiotemporal,2,5.666578814116735
hailing,4,5.155753190350744
hand,9,4.4626060097907985
handle,11,4.280284452996844
handled,2,5.666578814116735
handling,14,4.057140901682635
handling spatial,3,5.378896741664954
hard,5,4.973431633556789
harnessing,2,5.666578814116735
head,15,3.9926023805450632
head attention,5,4.973431633556789
head attention mechanism,3,5.378896741664954
head self,5,4.973431633556789
head self attention,5,4.973431633556789
heavily,4,5.155753190350744
heavy,4,5.155753190350744
held,3,5.378896741664954
help,12,4.200241745323308
helpful,2,5.666578814116735
helping,2,5.666578814116735
heterogeneity,10,4.367295829986475
heterogeneous,27,3.4329865926096406
heterogeneous graph,4,5.155753190350744
heterogeneous spatial,4,5.155753190350744
heterogeneous temporal,2,5.666578814116735
heterogeneous traffic,4,5.155753190350744
heuristic,3,5.378896741664954
hidden,11,4.280284452996844
hidden spatial,3,5.378896741664954
hidden spatial temporal,2,5.666578814116735
hidden state,3,5.378896741664954
hierarchical,12,4.200241745323308
hierarchical information,2,5.666578814116735
hierarchical spatiotemporal,2,5.666578814116735
hierarchy,4,5.155753190350744
high,53,2.7762070562205703
high accuracy,3,5.378896741664954
high complexity,2,5.666578814116735
high computational,6,4.819280953729532
high computational cost,2,5.666578814116735
high computational overhead,2,5.666578814116735
high dimensional,3,5.378896741664954
high efficiency,2,5.666578814116735
high frequency,6,4.819280953729532
high level,4,5.155753190350744
high prediction,3,5.378896741664954
high prediction accuracy,3,5.378896741664954
high quality,4,5.155753190350744
high resolution,5,4.973431633556789
high resolution data,2,5.666578814116735
high resolution traffic,2,5.666578814116735
high sparsity,2,5.666578814116735
high traffic,2,5.666578814116735
higher,12,4.200241745323308
higher accuracy,2,5.666578814116735
higher level,3,5.378896741664954
higher prediction,3,5.378896741664954
higher prediction accuracy,3,5.378896741664954
highlight,9,4.4626060097907985
highlighting,3,5.378896741664954
highly,29,3.3639937211226894
highly challenging,7,4.685749561105009
highly dynamic,3,5.378896741664954
highly nonlinear,3,5.378896741664954
highly suitable,2,5.666578814116735
highway,18,3.820752123618404
highway network,4,5.155753190350744
highway traffic,5,4.973431633556789
highway traffic flow,3,5.378896741664954
highway transportation,3,5.378896741664954
hinder,8,4.567966525448625
hinders,4,5.155753190350744
historical,46,2.915043501074786
historical average,3,5.378896741664954
historical data,14,4.057140901682635
historical data collected,2,5.666578814116735
historical data hinders,2,5.666578814116735
historical information,2,5.666578814116735
historical observation,3,5.378896741664954
historical sequence,2,5.666578814116735
historical series,2,5.666578814116735
historical time,2,5.666578814116735
historical traffic,13,4.126133773169586
historical traffic data,6,4.819280953729532
historical traffic flow,3,5.378896741664954
hoc,3,5.378896741664954
hold,7,4.685749561105009
hold significant,2,5.666578814116735
hold significant importance,2,5.666578814116735
holiday,4,5.155753190350744
holistic,3,5.378896741664954
holistic multi,2,5.666578814116735
homogeneous,3,5.378896741664954
horizon,32,3.268683541318364
horizon traffic,2,5.666578814116735
hot,3,5.378896741664954
hotspot,2,5.666578814116735
hour,21,3.6741486494265287
hour traffic,3,5.378896741664954
hourly,5,4.973431633556789
household,2,5.666578814116735
human,11,4.280284452996844
human activity,2,5.666578814116735
human mobility,2,5.666578814116735
hurdle,2,5.666578814116735
hurricane,4,5.155753190350744
hurricane evacuation,4,5.155753190350744
hybrid,21,3.6741486494265287
hybrid deep,2,5.666578814116735
hybrid graph,2,5.666578814116735
hybrid periodic,2,5.666578814116735
hyper,3,5.378896741664954
hypergraph,2,5.666578814116735
hypergraph structure,2,5.666578814116735
i5,2,5.666578814116735
iarai,2,5.666578814116735
idea,9,4.4626060097907985
identical,3,5.378896741664954
identification,2,5.666578814116735
identified,2,5.666578814116735
identifies,2,5.666578814116735
identify,11,4.280284452996844
identifying,2,5.666578814116735
identity,2,5.666578814116735
ignore,11,4.280284452996844
ignored,2,5.666578814116735
ignoring,10,4.367295829986475
ii,5,4.973431633556789
iid,3,5.378896741664954
illustrate,2,5.666578814116735
image,2,5.666578814116735
imbalance,2,5.666578814116735
imbalanced,2,5.666578814116735
immediate,2,5.666578814116735
impact,29,3.3639937211226894
impact traffic,2,5.666578814116735
impact traffic condition,2,5.666578814116735
impacted,2,5.666578814116735
impacting,2,5.666578814116735
imperfect,2,5.666578814116735
implement,6,4.819280953729532
implementation,7,4.685749561105009
implemented,4,5.155753190350744
implication,7,4.685749561105009
implicit,3,5.378896741664954
importance,16,3.9319777587286286
important,39,3.076311648670908
important role,7,4.685749561105009
important tool,2,5.666578814116735
importantly,3,5.378896741664954
impractical,6,4.819280953729532
impressive,2,5.666578814116735
improve,40,3.051619036080537
improve prediction,4,5.155753190350744
improve prediction accuracy,2,5.666578814116735
improve traffic,3,5.378896741664954
improve traffic flow,2,5.666578814116735
improved,21,3.6741486494265287
improved predictive,2,5.666578814116735
improved real,2,5.666578814116735
improved real time,2,5.666578814116735
improvement,34,3.209843041295431
improves,16,3.9319777587286286
improves long,2,5.666578814116735
improves long term,2,5.666578814116735
improving,34,3.209843041295431
improving overall,2,5.666578814116735
improving prediction,5,4.973431633556789
improving prediction accuracy,5,4.973431633556789
improving traffic,2,5.666578814116735
improving urban,2,5.666578814116735
imputation,2,5.666578814116735
inability,2,5.666578814116735
inaccurate,2,5.666578814116735
incident,5,4.973431633556789
include,6,4.819280953729532
include node,2,5.666578814116735
includes,9,4.4626060097907985
including,30,3.3312038982996985
including graph,3,5.378896741664954
including graph convolutional,2,5.666578814116735
including recurrent,2,5.666578814116735
including recurrent neural,2,5.666578814116735
incoming,2,5.666578814116735
incoming traffic,2,5.666578814116735
incoming traffic data,2,5.666578814116735
incomplete,4,5.155753190350744
incorporate,21,3.6741486494265287
incorporate spatial,2,5.666578814116735
incorporate temporal,2,5.666578814116735
incorporated,3,5.378896741664954
incorporates,18,3.820752123618404
incorporating,11,4.280284452996844
incorporating geographical,2,5.666578814116735
increase,7,4.685749561105009
increased,9,4.4626060097907985
increasing,13,4.126133773169586
increasingly,10,4.367295829986475
increasingly complex,2,5.666578814116735
increasingly critical,2,5.666578814116735
incremental,2,5.666578814116735
incrementally,2,5.666578814116735
incur,2,5.666578814116735
incurring,2,5.666578814116735
independent,5,4.973431633556789
independently,6,4.819280953729532
index,2,5.666578814116735
indicate,10,4.367295829986475
indicate significant,2,5.666578814116735
indicated,2,5.666578814116735
indicates,3,5.378896741664954
indicating,2,5.666578814116735
indispensable,3,5.378896741664954
individual,10,4.367295829986475
individually,2,5.666578814116735
induced,5,4.973431633556789
inductive,4,5.155753190350744
industrial,2,5.666578814116735
infer,6,4.819280953729532
inference,19,3.7694588292308535
inference latency,3,5.378896741664954
inference time,6,4.819280953729532
inferred,2,5.666578814116735
influence,16,3.9319777587286286
influenced,4,5.155753190350744
influencing,2,5.666578814116735
information,95,2.2008429113170083
information flow,2,5.666578814116735
information loss,4,5.155753190350744
information propagation,4,5.155753190350744
information remains,2,5.666578814116735
informative,5,4.973431633556789
informed,13,4.126133773169586
informer,3,5.378896741664954
infrastructure,11,4.280284452996844
inherent,20,3.7206686650614214
inherently,5,4.973431633556789
inherently dynamic,2,5.666578814116735
initial,3,5.378896741664954
initialization,2,5.666578814116735
initially,4,5.155753190350744
initiative,3,5.378896741664954
innovation,3,5.378896741664954
innovative,11,4.280284452996844
innovative traffic,2,5.666578814116735
innovative traffic flow,2,5.666578814116735
input,46,2.915043501074786
input data,7,4.685749561105009
input feature,4,5.155753190350744
input sequence,3,5.378896741664954
input variable,3,5.378896741664954
inside,2,5.666578814116735
insight,14,4.057140901682635
inspiration,2,5.666578814116735
inspired,10,4.367295829986475
instability,2,5.666578814116735
installation,2,5.666578814116735
installed,2,5.666578814116735
instance,8,4.567966525448625
instead,7,4.685749561105009
insufficient,7,4.685749561105009
insufficiently,2,5.666578814116735
integral,2,5.666578814116735
integrate,19,3.7694588292308535
integrate spatial,2,5.666578814116735
integrated,16,3.9319777587286286
integrates,22,3.6296968868556947
integrates adaptive,2,5.666578814116735
integrates graph,2,5.666578814116735
integrates spatial,2,5.666578814116735
integrating,22,3.6296968868556947
integrating graph,2,5.666578814116735
integration,8,4.567966525448625
intelligence,7,4.685749561105009
intelligent traffic,6,4.819280953729532
intensified,2,5.666578814116735
intensity,2,5.666578814116735
inter,10,4.367295829986475
inter city,2,5.666578814116735
inter city highway,2,5.666578814116735
inter node,2,5.666578814116735
inter region,2,5.666578814116735
inter region dependency,2,5.666578814116735
interaction,26,3.4693542367805157
interactive,4,5.155753190350744
interference,4,5.155753190350744
intermediate,2,5.666578814116735
internal,2,5.666578814116735
interplay,3,5.378896741664954
interpret,2,5.666578814116735
interpretability,14,4.057140901682635
interpretable,10,4.367295829986475
interpretation,3,5.378896741664954
intersection,7,4.685749561105009
interstate,3,5.378896741664954
interstate traffic,2,5.666578814116735
interstate traffic volume,2,5.666578814116735
interval,15,3.9926023805450632
intra,3,5.378896741664954
intricacy,2,5.666578814116735
intricate,10,4.367295829986475
intricate spatio,4,5.155753190350744
intricate spatio temporal,4,5.155753190350744
intrinsic,9,4.4626060097907985
intrinsic dependency,2,5.666578814116735
introduce,55,2.7398394120496956
introduced,20,3.7206686650614214
introduces,30,3.3312038982996985
introducing,8,4.567966525448625
intuitive,3,5.378896741664954
invariant,5,4.973431633556789
investigate,4,5.155753190350744
investigated,4,5.155753190350744
investigates,2,5.666578814116735
investigation,4,5.155753190350744
involve,2,5.666578814116735
involved,2,5.666578814116735
involves,5,4.973431633556789
involving,2,5.666578814116735
irregular,11,4.280284452996844
irregular spatial,2,5.666578814116735
irregular traffic,2,5.666578814116735
irregularity,2,5.666578814116735
irrelevant,2,5.666578814116735
isolated,2,5.666578814116735
issue,58,2.687653658879125
istanbul,2,5.666578814116735
iteration,2,5.666578814116735
iterative,2,5.666578814116735
joint,7,4.685749561105009
joint graph,2,5.666578814116735
jointly,11,4.280284452996844
jointly modeled,2,5.666578814116735
keeping,2,5.666578814116735
kernel,3,5.378896741664954
key,39,3.076311648670908
key challenge,9,4.4626060097907985
key component,2,5.666578814116735
key factor,2,5.666578814116735
key idea,2,5.666578814116735
kind,4,5.155753190350744
km,2,5.666578814116735
knowledge,39,3.076311648670908
knowledge distillation,4,5.155753190350744
knowledge graph,2,5.666578814116735
knowledge learned,2,5.666578814116735
knowledge transfer,6,4.819280953729532
known,6,4.819280953729532
la,16,3.9319777587286286
lack,24,3.546315277916644
lack interpretability,2,5.666578814116735
lacking,6,4.819280953729532
lag,2,5.666578814116735
lane,2,5.666578814116735
language,11,4.280284452996844
language processing,3,5.378896741664954
large,61,2.638056717739753
large language,8,4.567966525448625
large margin,2,5.666578814116735
large road,2,5.666578814116735
large road network,2,5.666578814116735
large scale,34,3.209843041295431
large scale datasets,5,4.973431633556789
large scale network,2,5.666578814116735
large scale real,3,5.378896741664954
large scale road,3,5.378896741664954
large scale spatiotemporal,2,5.666578814116735
large scale traffic,11,4.280284452996844
large scale transportation,3,5.378896741664954
largely,6,4.819280953729532
largest,3,5.378896741664954
largest benchmark,2,5.666578814116735
latency,4,5.155753190350744
latent,18,3.820752123618404
latent graph,4,5.155753190350744
latent graph structure,2,5.666578814116735
latent pattern,2,5.666578814116735
latent space,2,5.666578814116735
latent spatial,2,5.666578814116735
law,2,5.666578814116735
lay,2,5.666578814116735
layer,41,3.0275214845014764
layer perceptron,3,5.378896741664954
layer perceptrons,2,5.666578814116735
lead,6,4.819280953729532
leading,11,4.280284452996844
leaf,2,5.666578814116735
leakage,2,5.666578814116735
learn,41,3.0275214845014764
learn dynamic,3,5.378896741664954
learn non,2,5.666578814116735
learnable,11,4.280284452996844
learnable matrix,2,5.666578814116735
learnable traffic,2,5.666578814116735
learned,23,3.587137272436899
learned knowledge,4,5.155753190350744
learned representation,2,5.666578814116735
learner,3,5.378896741664954
learning algorithm,3,5.378896741664954
learning architecture,2,5.666578814116735
learning capability,4,5.155753190350744
learning dynamic,2,5.666578814116735
learning graph,2,5.666578814116735
learning mechanism,2,5.666578814116735
learning module,4,5.155753190350744
learning network,3,5.378896741664954
learning problem,2,5.666578814116735
learning process,3,5.378896741664954
learning spatio,3,5.378896741664954
learning spatio temporal,3,5.378896741664954
learning strategy,5,4.973431633556789
learning technique,5,4.973431633556789
learning traffic,3,5.378896741664954
learning traffic prediction,2,5.666578814116735
learns,17,3.87481934488868
leaving,3,5.378896741664954
led,4,5.155753190350744
length,8,4.567966525448625
level,42,3.003990987091282
level decision,2,5.666578814116735
level decision making,2,5.666578814116735
level feature,2,5.666578814116735
level prediction,2,5.666578814116735
level traffic,7,4.685749561105009
leverage,29,3.3639937211226894
leveraging,9,4.4626060097907985
lie,6,4.819280953729532
life,7,4.685749561105009
life datasets,2,5.666578814116735
light,5,4.973431633556789
lightweight,14,4.057140901682635
lightweight graph,2,5.666578814116735
lightweight spatio,2,5.666578814116735
lightweight spatio temporal,2,5.666578814116735
like,15,3.9926023805450632
like traffic,2,5.666578814116735
likelihood,5,4.973431633556789
likely,5,4.973431633556789
limit,18,3.820752123618404
limitation,44,2.9585286130145247
limitation persist,2,5.666578814116735
limited,43,2.9810014688665833
limited data,3,5.378896741664954
limited historical,3,5.378896741664954
limited historical data,2,5.666578814116735
limited representation,2,5.666578814116735
limiting,7,4.685749561105009
linear,25,3.5070945647633627
linear computational,2,5.666578814116735
linear computational complexity,2,5.666578814116735
linear layer,3,5.378896741664954
linear regression,3,5.378896741664954
linear time,2,5.666578814116735
linear traffic,2,5.666578814116735
linear traffic pattern,2,5.666578814116735
linearity,2,5.666578814116735
link,8,4.567966525448625
list,3,5.378896741664954
literature,10,4.367295829986475
little,3,5.378896741664954
llm,8,4.567966525448625
llm backbone,2,5.666578814116735
local,39,3.076311648670908
local information,2,5.666578814116735
local pattern,3,5.378896741664954
local spatial,2,5.666578814116735
local st,2,5.666578814116735
local temporal,2,5.666578814116735
local temporal relationship,2,5.666578814116735
local traffic,5,4.973431633556789
local traffic pattern,3,5.378896741664954
localised,2,5.666578814116735
locality,3,5.378896741664954
localized,4,5.155753190350744
location,32,3.268683541318364
location data,2,5.666578814116735
location specific,2,5.666578814116735
log,3,5.378896741664954
log likelihood,2,5.666578814116735
long distance,2,5.666578814116735
long forecasting,2,5.666578814116735
long horizon,4,5.155753190350744
long horizon traffic,2,5.666578814116735
long range,20,3.7206686650614214
long range dependency,6,4.819280953729532
long range spatial,3,5.378896741664954
long range temporal,6,4.819280953729532
long range traffic,5,4.973431633556789
long sequence,3,5.378896741664954
long short,17,3.87481934488868
long short term,17,3.87481934488868
long standing,2,5.666578814116735
long tail,2,5.666578814116735
long tail distribution,2,5.666578814116735
long temporal,3,5.378896741664954
long term,59,2.670846540562744
long term dependency,4,5.155753190350744
long term forecasting,9,4.4626060097907985
long term information,2,5.666578814116735
long term prediction,11,4.280284452996844
long term streaming,3,5.378896741664954
long term temporal,7,4.685749561105009
long term traffic,17,3.87481934488868
long term trend,3,5.378896741664954
longer,8,4.567966525448625
longer time,2,5.666578814116735
longterm,2,5.666578814116735
loop,11,4.280284452996844
loop detector,6,4.819280953729532
loop detector data,3,5.378896741664954
lora,3,5.378896741664954
lora adapter,2,5.666578814116735
los,4,5.155753190350744
los angeles,4,5.155753190350744
loss,21,3.6741486494265287
loss function,5,4.973431633556789
low,21,3.6741486494265287
low accuracy,2,5.666578814116735
low dimensional,2,5.666578814116735
low pas,2,5.666578814116735
low rank,2,5.666578814116735
lower,11,4.280284452996844
lower computational,2,5.666578814116735
lowest,2,5.666578814116735
lstm,26,3.4693542367805157
lstm customization,2,5.666578814116735
lstm network,2,5.666578814116735
m,2,5.666578814116735
machine,17,3.87481934488868
machine learning,15,3.9926023805450632
macroscopic,5,4.973431633556789
macroscopic dependency,2,5.666578814116735
macroscopic traffic,2,5.666578814116735
macroscopic traffic flow,2,5.666578814116735
madrid,3,5.378896741664954
mae,26,3.4693542367805157
mae reduction,2,5.666578814116735
main,8,4.567966525448625
main challenge,2,5.666578814116735
main novelty,2,5.666578814116735
mainly,17,3.87481934488868
mainly focus,7,4.685749561105009
mainly focused,2,5.666578814116735
mainstream,5,4.973431633556789
maintain,7,4.685749561105009
maintaining,12,4.200241745323308
maintaining computational,2,5.666578814116735
maintaining computational efficiency,2,5.666578814116735
maintaining high,2,5.666578814116735
maintains,4,5.155753190350744
maintenance,6,4.819280953729532
maintenance cost,2,5.666578814116735
major,14,4.057140901682635
major cause,2,5.666578814116735
major challenge,3,5.378896741664954
majority,2,5.666578814116735
make,41,3.0275214845014764
make prediction,2,5.666578814116735
make traffic,3,5.378896741664954
making,33,3.2388305781686832
making accurate,2,5.666578814116735
mamba,7,4.685749561105009
mamba block,2,5.666578814116735
mamba mechanism,2,5.666578814116735
manage,2,5.666578814116735
managed,2,5.666578814116735
management,72,2.4747316616364534
management scenario,2,5.666578814116735
manager,2,5.666578814116735
managing,2,5.666578814116735
manhattan,2,5.666578814116735
manual,4,5.155753190350744
manually,2,5.666578814116735
map,9,4.4626060097907985
map movie,2,5.666578814116735
map movie forecasting,2,5.666578814116735
mape,17,3.87481934488868
mapping,7,4.685749561105009
margin,7,4.685749561105009
marginal,3,5.378896741664954
markov,2,5.666578814116735
markovian,2,5.666578814116735
mask,6,4.819280953729532
masked,4,5.155753190350744
masking,5,4.973431633556789
masking matrix,2,5.666578814116735
massive,7,4.685749561105009
massive traffic,3,5.378896741664954
massive traffic data,2,5.666578814116735
match,5,4.973431633556789
matching,3,5.378896741664954
matrix,42,3.003990987091282
matrix generation,2,5.666578814116735
maximum,2,5.666578814116735
maximum improvement,2,5.666578814116735
mean,22,3.6296968868556947
mean absolute,11,4.280284452996844
mean absolute error,7,4.685749561105009
mean absolute percentage,5,4.973431633556789
mean square,7,4.685749561105009
mean square error,6,4.819280953729532
mean squared,5,4.973431633556789
mean squared error,5,4.973431633556789
meaningful,2,5.666578814116735
measure,10,4.367295829986475
measured,4,5.155753190350744
measurement,18,3.820752123618404
mechanism,84,2.322539846294528
mechanism enables,2,5.666578814116735
medium,3,5.378896741664954
meet,3,5.378896741664954
megacrn,2,5.666578814116735
memory,35,3.1816721643287345
memory augmented,2,5.666578814116735
memory consumption,2,5.666578814116735
memory network,3,5.378896741664954
memory usage,4,5.155753190350744
merge,3,5.378896741664954
merges,2,5.666578814116735
merging,3,5.378896741664954
message,7,4.685749561105009
message passing,7,4.685749561105009
meta,12,4.200241745323308
meta knowledge,2,5.666578814116735
meta learning,5,4.973431633556789
meteorology,2,5.666578814116735
metering,3,5.378896741664954
methodology,7,4.685749561105009
meticulously,3,5.378896741664954
metr,16,3.9319777587286286
metr la,16,3.9319777587286286
metric,27,3.4329865926096406
metro,2,5.666578814116735
metropolitan,2,5.666578814116735
micro,2,5.666578814116735
microscopic,4,5.155753190350744
microscopic traffic,2,5.666578814116735
mid,4,5.155753190350744
mimic,2,5.666578814116735
min,5,4.973431633556789
minimal,4,5.155753190350744
minimization,2,5.666578814116735
minimize,3,5.378896741664954
minimizing,2,5.666578814116735
minimum,2,5.666578814116735
mining,9,4.4626060097907985
mining spatio,2,5.666578814116735
mining spatio temporal,2,5.666578814116735
minor,2,5.666578814116735
minute,19,3.7694588292308535
missing,8,4.567966525448625
missing data,2,5.666578814116735
missing observation,2,5.666578814116735
missing value,2,5.666578814116735
mitigate,8,4.567966525448625
mitigating,3,5.378896741664954
mitigation,7,4.685749561105009
mixer,5,4.973431633556789
mixture,9,4.4626060097907985
ml,2,5.666578814116735
mlp,10,4.367295829986475
mlp mixer,3,5.378896741664954
mlps,2,5.666578814116735
mobile,2,5.666578814116735
mobility,23,3.587137272436899
mobility optimization,2,5.666578814116735
modal,2,5.666578814116735
modality,4,5.155753190350744
mode,4,5.155753190350744
modeled,6,4.819280953729532
modeling,79,2.383164468110963
modeling complex,6,4.819280953729532
modeling complex spatio,3,5.378896741664954
modeling paradigm,2,5.666578814116735
modeling spatial,9,4.4626060097907985
modeling spatial correlation,2,5.666578814116735
modeling spatial temporal,3,5.378896741664954
modeling spatio,2,5.666578814116735
modeling spatio temporal,2,5.666578814116735
modeling spatiotemporal,2,5.666578814116735
modeling technique,3,5.378896741664954
modeling traffic,3,5.378896741664954
modelling,12,4.200241745323308
modern,12,4.200241745323308
modern intelligent,4,5.155753190350744
modern intelligent transportation,4,5.155753190350744
modern traffic,2,5.666578814116735
modern urban,3,5.378896741664954
modified,4,5.155753190350744
module,72,2.4747316616364534
moe,2,5.666578814116735
momentum,2,5.666578814116735
monitor,2,5.666578814116735
monitoring,8,4.567966525448625
monte,3,5.378896741664954
monte carlo,3,5.378896741664954
monte carlo dropout,2,5.666578814116735
month,2,5.666578814116735
morning,3,5.378896741664954
moscow,2,5.666578814116735
motivated,3,5.378896741664954
motorway,2,5.666578814116735
motorway network,2,5.666578814116735
motorway traffic,2,5.666578814116735
movement,2,5.666578814116735
movie,2,5.666578814116735
movie forecasting,2,5.666578814116735
mse,5,4.973431633556789
mt,3,5.378896741664954
mtl,2,5.666578814116735
multi,91,2.2434025257358043
multi attention,2,5.666578814116735
multi channel,4,5.155753190350744
multi context,2,5.666578814116735
multi granularity,2,5.666578814116735
multi graph,5,4.973431633556789
multi graph convolution,2,5.666578814116735
multi head,14,4.057140901682635
multi head attention,5,4.973431633556789
multi head self,5,4.973431633556789
multi horizon,2,5.666578814116735
multi layer,8,4.567966525448625
multi layer perceptron,3,5.378896741664954
multi layer perceptrons,2,5.666578814116735
multi level,2,5.666578814116735
multi modal,2,5.666578814116735
multi range,2,5.666578814116735
multi scale,15,3.9926023805450632
multi scale periodic,2,5.666578814116735
multi scale representation,2,5.666578814116735
multi scale spatial,4,5.155753190350744
multi scale spatiotemporal,2,5.666578814116735
multi source,3,5.378896741664954
multi step,9,4.4626060097907985
multi step traffic,4,5.155753190350744
multi view,8,4.567966525448625
multilayer,3,5.378896741664954
multilayer perceptron,3,5.378896741664954
multiple,46,2.915043501074786
multiple data,2,5.666578814116735
multiple horizon,2,5.666578814116735
multiple kind,2,5.666578814116735
multiple layer,2,5.666578814116735
multiple level,2,5.666578814116735
multiple perspective,2,5.666578814116735
multiple real,4,5.155753190350744
multiple real world,3,5.378896741664954
multiple time,2,5.666578814116735
multiple time step,2,5.666578814116735
multiple traffic,3,5.378896741664954
multivariate,11,4.280284452996844
multivariate time,6,4.819280953729532
multivariate time series,6,4.819280953729532
multivariate traffic,3,5.378896741664954
mutual,5,4.973431633556789
mutual information,2,5.666578814116735
na,2,5.666578814116735
naive,3,5.378896741664954
named,24,3.546315277916644
named dynamic,2,5.666578814116735
named spatial,2,5.666578814116735
named spatio,2,5.666578814116735
named spatio temporal,2,5.666578814116735
national,2,5.666578814116735
natural,4,5.155753190350744
natural language,3,5.378896741664954
natural language processing,2,5.666578814116735
nature,18,3.820752123618404
navigating,2,5.666578814116735
navigation,3,5.378896741664954
near,6,4.819280953729532
nearby,4,5.155753190350744
nearby road,2,5.666578814116735
nearly,2,5.666578814116735
necessary,6,4.819280953729532
necessitates,2,5.666578814116735
need,19,3.7694588292308535
negative,10,4.367295829986475
negative consequence,2,5.666578814116735
negative impact,2,5.666578814116735
negative log,2,5.666578814116735
negative log likelihood,2,5.666578814116735
neglected,2,5.666578814116735
neglecting,4,5.155753190350744
neighbor,5,4.973431633556789
neighborhood,5,4.973431633556789
neighboring,8,4.567966525448625
neighboring node,2,5.666578814116735
neighboring sensor,3,5.378896741664954
net,12,4.200241745323308
network architecture,8,4.567966525448625
network data,2,5.666578814116735
network datasets,2,5.666578814116735
network forecasting,2,5.666578814116735
network graph,3,5.378896741664954
network level,6,4.819280953729532
network level traffic,5,4.973431633556789
network make,3,5.378896741664954
network modeling,2,5.666578814116735
network node,2,5.666578814116735
network parameter,2,5.666578814116735
network structure,9,4.4626060097907985
network topology,8,4.567966525448625
network wide,10,4.367295829986475
network wide multi,2,5.666578814116735
network wide toll,2,5.666578814116735
network wide traffic,4,5.155753190350744
neural architecture,2,5.666578814116735
neural network architecture,3,5.378896741664954
neural ode,2,5.666578814116735
neurips,2,5.666578814116735
new,54,2.7578579175523736
new benchmark,4,5.155753190350744
new city,2,5.666578814116735
new incoming,2,5.666578814116735
new incoming traffic,2,5.666578814116735
new location,2,5.666578814116735
new research,2,5.666578814116735
new spatial,2,5.666578814116735
new spatial temporal,2,5.666578814116735
new standard,3,5.378896741664954
new traffic,5,4.973431633556789
new traffic detector,2,5.666578814116735
new york,3,5.378896741664954
new york city,3,5.378896741664954
newly,7,4.685749561105009
node,74,2.4477029892485342
node accurately,2,5.666578814116735
node adaptive,2,5.666578814116735
node embedding,3,5.378896741664954
node embeddings,4,5.155753190350744
node feature,2,5.666578814116735
node interaction,2,5.666578814116735
node level,7,4.685749561105009
node representation,4,5.155753190350744
node specific,2,5.666578814116735
node specific pattern,2,5.666578814116735
node wise,5,4.973431633556789
noise,10,4.367295829986475
noise induced,2,5.666578814116735
noisy,3,5.378896741664954
non,39,3.076311648670908
non iid,3,5.378896741664954
non linear,10,4.367295829986475
non linear traffic,2,5.666578814116735
non linearity,2,5.666578814116735
non stationarity,4,5.155753190350744
non stationary,3,5.378896741664954
non traffic,2,5.666578814116735
non trivial,2,5.666578814116735
nonlinear,14,4.057140901682635
nonlinear dynamic,2,5.666578814116735
nonlinear spatio,2,5.666578814116735
nonlinear spatio temporal,2,5.666578814116735
nonlinear time,2,5.666578814116735
nonlinear time series,2,5.666578814116735
normal,3,5.378896741664954
normalized,3,5.378896741664954
notable,2,5.666578814116735
notably,8,4.567966525448625
noteworthy,2,5.666578814116735
novelty,2,5.666578814116735
nowadays,2,5.666578814116735
nuanced,2,5.666578814116735
number,17,3.87481934488868
numerical,4,5.155753190350744
numerous,6,4.819280953729532
object,2,5.666578814116735
objective,6,4.819280953729532
observation,19,3.7694588292308535
observe,4,5.155753190350744
observed,9,4.4626060097907985
obstacle,2,5.666578814116735
obtain,11,4.280284452996844
obtained,11,4.280284452996844
occupancy,7,4.685749561105009
occurring,2,5.666578814116735
ode,3,5.378896741664954
offer,17,3.87481934488868
offer evidence,2,5.666578814116735
offering,13,4.126133773169586
ol,2,5.666578814116735
online,8,4.567966525448625
online learning,2,5.666578814116735
open,14,4.057140901682635
open challenge,3,5.378896741664954
open data,2,5.666578814116735
open issue,2,5.666578814116735
open question,2,5.666578814116735
open research,2,5.666578814116735
operate,3,5.378896741664954
operation,15,3.9926023805450632
operational,3,5.378896741664954
operator,4,5.155753190350744
opportunity,6,4.819280953729532
optimal,11,4.280284452996844
optimization,11,4.280284452996844
optimize,4,5.155753190350744
optimized,3,5.378896741664954
optimizing,10,4.367295829986475
optimizing traffic,2,5.666578814116735
optimizing transportation,2,5.666578814116735
optimizing urban,2,5.666578814116735
organized,2,5.666578814116735
original,7,4.685749561105009
outcome,6,4.819280953729532
outlier,3,5.378896741664954
outperform,9,4.4626060097907985
outperform state,3,5.378896741664954
outperformed,8,4.567966525448625
outperformed baseline,2,5.666578814116735
outperforming,6,4.819280953729532
outperforming baseline,2,5.666578814116735
outperforms,73,2.461126009580675
outperforms baseline,5,4.973431633556789
outperforms state,15,3.9926023805450632
output,13,4.126133773169586
outstanding,3,5.378896741664954
overall,13,4.126133773169586
overall efficiency,2,5.666578814116735
overcome,23,3.587137272436899
overfitting,7,4.685749561105009
overhead,14,4.057140901682635
overlapping,2,5.666578814116735
overlooked,5,4.973431633556789
overlooking,4,5.155753190350744
overview,2,5.666578814116735
owing,6,4.819280953729532
padding,2,5.666578814116735
pair,4,5.155753190350744
pairwise,2,5.666578814116735
paradigm,13,4.126133773169586
parallel,8,4.567966525448625
parameter,30,3.3312038982996985
parameterised,2,5.666578814116735
parametric,6,4.819280953729532
parametric generative,2,5.666578814116735
paramount,3,5.378896741664954
partial,4,5.155753190350744
partially,3,5.378896741664954
participant,2,5.666578814116735
particular,15,3.9926023805450632
particularly,19,3.7694588292308535
partition,4,5.155753190350744
partitioning,3,5.378896741664954
pas,3,5.378896741664954
passenger,2,5.666578814116735
passing,8,4.567966525448625
past,13,4.126133773169586
past decade,3,5.378896741664954
past traffic,2,5.666578814116735
patch,5,4.973431633556789
patchstg,2,5.666578814116735
path,5,4.973431633556789
pattern bank,2,5.666578814116735
pattern driven,2,5.666578814116735
pattern simultaneously,2,5.666578814116735
pca,2,5.666578814116735
pdformer,2,5.666578814116735
peak,7,4.685749561105009
pems,30,3.3312038982996985
pems bay,18,3.820752123618404
pems district,2,5.666578814116735
pems03,4,5.155753190350744
pems04,10,4.367295829986475
pems07,6,4.819280953729532
pems08,9,4.4626060097907985
pemsd3,2,5.666578814116735
pemsd4,2,5.666578814116735
pemsd7,5,4.973431633556789
people,3,5.378896741664954
percent,2,5.666578814116735
percentage,6,4.819280953729532
percentage error,5,4.973431633556789
perception,7,4.685749561105009
perceptron,6,4.819280953729532
perceptrons,2,5.666578814116735
performed,8,4.567966525448625
performing,6,4.819280953729532
performs,10,4.367295829986475
period,18,3.820752123618404
period traffic,2,5.666578814116735
periodic,13,4.126133773169586
periodic feature,3,5.378896741664954
periodic pattern,5,4.973431633556789
periodic regularity,2,5.666578814116735
periodicity,7,4.685749561105009
persist,2,5.666578814116735
personalized,7,4.685749561105009
perspective,18,3.820752123618404
perturb,2,5.666578814116735
perturbation,7,4.685749561105009
phase,9,4.4626060097907985
phenomenon,3,5.378896741664954
physic,6,4.819280953729532
physic aware,2,5.666578814116735
physic informed,3,5.378896741664954
physical,10,4.367295829986475
physical principle,2,5.666578814116735
pioneering,2,5.666578814116735
pipeline,4,5.155753190350744
pivotal,11,4.280284452996844
pivotal role,6,4.819280953729532
place,3,5.378896741664954
plan,2,5.666578814116735
planning,35,3.1816721643287345
platform,5,4.973431633556789
play,31,3.299455199985118
played,2,5.666578814116735
playing,3,5.378896741664954
point,17,3.87481934488868
point forecast,2,5.666578814116735
point prediction,2,5.666578814116735
polynomial,2,5.666578814116735
pooling,4,5.155753190350744
poor,3,5.378896741664954
popular,8,4.567966525448625
popular benchmark,2,5.666578814116735
popular benchmark datasets,2,5.666578814116735
population,4,5.155753190350744
pose,5,4.973431633556789
posing,3,5.378896741664954
position,9,4.4626060097907985
position encoding,4,5.155753190350744
positional,3,5.378896741664954
positional encoding,2,5.666578814116735
possess,2,5.666578814116735
possesses,2,5.666578814116735
possible,8,4.567966525448625
post,3,5.378896741664954
post hoc,2,5.666578814116735
posterior,3,5.378896741664954
potent,2,5.666578814116735
potential,29,3.3639937211226894
power,10,4.367295829986475
powerful,8,4.567966525448625
powerful tool,2,5.666578814116735
practical,20,3.7206686650614214
practical benefit,2,5.666578814116735
practical deployment,2,5.666578814116735
practical implication,2,5.666578814116735
practical traffic,3,5.378896741664954
practical traffic management,2,5.666578814116735
practicality,2,5.666578814116735
practice,4,5.155753190350744
practitioner,2,5.666578814116735
pre,25,3.5070945647633627
pre defined,10,4.367295829986475
pre defined geographical,2,5.666578814116735
pre defined graph,4,5.155753190350744
pre trained,10,4.367295829986475
pre training,7,4.685749561105009
precise,10,4.367295829986475
precise prediction,2,5.666578814116735
precise traffic,3,5.378896741664954
precisely,2,5.666578814116735
precision,5,4.973431633556789
predefined,9,4.4626060097907985
predefined adjacency,2,5.666578814116735
predefined adjacency matrix,2,5.666578814116735
predefined graph,5,4.973431633556789
predict,55,2.7398394120496956
predict congestion,2,5.666578814116735
predict evacuation,2,5.666578814116735
predict future,12,4.200241745323308
predict future traffic,8,4.567966525448625
predict network,2,5.666578814116735
predict network wide,2,5.666578814116735
predict short,2,5.666578814116735
predict short term,2,5.666578814116735
predict traffic,18,3.820752123618404
predict traffic condition,4,5.155753190350744
predict traffic flow,7,4.685749561105009
predict traffic speed,3,5.378896741664954
predict traffic volume,2,5.666578814116735
predictability,3,5.378896741664954
predicted,14,4.057140901682635
predicted outcome,2,5.666578814116735
predicted traffic,3,5.378896741664954
predicted traffic flow,2,5.666578814116735
predicting,33,3.2388305781686832
predicting long,2,5.666578814116735
predicting long term,2,5.666578814116735
predicting traffic,15,3.9926023805450632
predicting traffic flow,4,5.155753190350744
predicting traffic speed,3,5.378896741664954
prediction ability,3,5.378896741664954
prediction accuracy,44,2.9585286130145247
prediction aim,2,5.666578814116735
prediction algorithm,3,5.378896741664954
prediction application,2,5.666578814116735
prediction datasets,2,5.666578814116735
prediction effect,2,5.666578814116735
prediction error,7,4.685749561105009
prediction hold,2,5.666578814116735
prediction horizon,16,3.9319777587286286
prediction interval,3,5.378896741664954
prediction literature,2,5.666578814116735
prediction module,3,5.378896741664954
prediction network,2,5.666578814116735
prediction play,10,4.367295829986475
prediction remains,6,4.819280953729532
prediction scenario,4,5.155753190350744
prediction time,2,5.666578814116735
prediction uncertainty,2,5.666578814116735
predictive,31,3.299455199985118
predictive accuracy,9,4.4626060097907985
predictive error,2,5.666578814116735
predictive modeling,2,5.666578814116735
predictor,10,4.367295829986475
predicts,2,5.666578814116735
prerequisite,2,5.666578814116735
presence,5,4.973431633556789
presented,2,5.666578814116735
presenting,2,5.666578814116735
preserve,4,5.155753190350744
preserving,13,4.126133773169586
pretrained,5,4.973431633556789
pretraining,3,5.378896741664954
prevailing,2,5.666578814116735
prevalent,3,5.378896741664954
prevent,3,5.378896741664954
preventing,5,4.973431633556789
previous,24,3.546315277916644
previous state,2,5.666578814116735
previous work,6,4.819280953729532
previously,3,5.378896741664954
pricing,2,5.666578814116735
primarily,11,4.280284452996844
primarily relied,2,5.666578814116735
primarily rely,2,5.666578814116735
primary,4,5.155753190350744
principal,3,5.378896741664954
principal component,3,5.378896741664954
principal component analysis,2,5.666578814116735
principle,6,4.819280953729532
prior,23,3.587137272436899
prior knowledge,5,4.973431633556789
prior work,2,5.666578814116735
prioritize,2,5.666578814116735
privacy,7,4.685749561105009
privacy concern,2,5.666578814116735
privacy preserving,3,5.378896741664954
proactive,8,4.567966525448625
proactive measure,3,5.378896741664954
proactive traffic,2,5.666578814116735
probabilistic,5,4.973431633556789
probabilistic forecasting,3,5.378896741664954
probe,2,5.666578814116735
probe vehicle,2,5.666578814116735
problem,77,2.4084822760952527
procedure,4,5.155753190350744
process,31,3.299455199985118
processed,5,4.973431633556789
processing,15,3.9926023805450632
produce,14,4.057140901682635
produce high,2,5.666578814116735
produced,2,5.666578814116735
producing,5,4.973431633556789
product,2,5.666578814116735
prof,3,5.378896741664954
profound,3,5.378896741664954
profound implication,2,5.666578814116735
progress,16,3.9319777587286286
progressive,2,5.666578814116735
project,2,5.666578814116735
promise,7,4.685749561105009
promising,26,3.4693542367805157
prompt,8,4.567966525448625
prompt learning,2,5.666578814116735
prompt tuning,3,5.378896741664954
propagation,9,4.4626060097907985
propagation delay,2,5.666578814116735
property,6,4.819280953729532
proposal,5,4.973431633556789
proposes,45,2.9365497062957493
proposing,2,5.666578814116735
provable,2,5.666578814116735
provable guarantee,2,5.666578814116735
prove,2,5.666578814116735
proved,3,5.378896741664954
proven,3,5.378896741664954
provide,27,3.4329865926096406
provide accurate,2,5.666578814116735
provided,10,4.367295829986475
provides,20,3.7206686650614214
provides higher,2,5.666578814116735
provides higher prediction,2,5.666578814116735
providing,12,4.200241745323308
providing fine,3,5.378896741664954
providing fine grained,3,5.378896741664954
provincial,2,5.666578814116735
provincial highway,2,5.666578814116735
prowess,2,5.666578814116735
proximity,5,4.973431633556789
pruning,3,5.378896741664954
public,31,3.299455199985118
public dataset,2,5.666578814116735
public datasets,10,4.367295829986475
public safety,2,5.666578814116735
public traffic,11,4.280284452996844
public traffic datasets,7,4.685749561105009
public traffic network,3,5.378896741664954
publicly,8,4.567966525448625
publicly available,7,4.685749561105009
published,2,5.666578814116735
pure,4,5.155753190350744
pure transformer,2,5.666578814116735
purely,3,5.378896741664954
purpose,5,4.973431633556789
quadratic,9,4.4626060097907985
quadratic complexity,3,5.378896741664954
quadratic computational,4,5.155753190350744
quadratic computational complexity,3,5.378896741664954
qualitative,3,5.378896741664954
quality,8,4.567966525448625
quantification,6,4.819280953729532
quantify,4,5.155753190350744
quantile,2,5.666578814116735
query,5,4.973431633556789
question,5,4.973431633556789
quite,2,5.666578814116735
ramp,3,5.378896741664954
ramp metering,3,5.378896741664954
random,7,4.685749561105009
random forest,2,5.666578814116735
range,37,3.1276049430584587
range dependency,7,4.685749561105009
range spatial,5,4.973431633556789
range spatial dependency,2,5.666578814116735
range spatial information,2,5.666578814116735
range spatial temporal,2,5.666578814116735
range temporal,6,4.819280953729532
range temporal dependency,4,5.155753190350744
range traffic,5,4.973431633556789
range traffic dynamic,2,5.666578814116735
range traffic flow,2,5.666578814116735
ranging,6,4.819280953729532
rank,4,5.155753190350744
ranked,2,5.666578814116735
ranking,2,5.666578814116735
rapid,12,4.200241745323308
rapid development,3,5.378896741664954
rapid growth,3,5.378896741664954
rapid urbanization,2,5.666578814116735
rapidly,5,4.973431633556789
rarely,2,5.666578814116735
rate,4,5.155753190350744
ratio,3,5.378896741664954
raw,7,4.685749561105009
raw data,2,5.666578814116735
raw traffic,3,5.378896741664954
raw traffic data,3,5.378896741664954
reaching,4,5.155753190350744
real application,2,5.666578814116735
real datasets,4,5.155753190350744
real life,3,5.378896741664954
real life datasets,2,5.666578814116735
real road,2,5.666578814116735
real time,39,3.076311648670908
real time congestion,2,5.666578814116735
real time data,4,5.155753190350744
real time deployment,2,5.666578814116735
real time prediction,2,5.666578814116735
real time route,2,5.666578814116735
real time traffic,17,3.87481934488868
real traffic,10,4.367295829986475
real traffic data,2,5.666578814116735
real traffic datasets,4,5.155753190350744
real traffic flow,2,5.666578814116735
real world application,4,5.155753190350744
real world benchmark,3,5.378896741664954
real world data,5,4.973431633556789
real world datasets,48,2.873370804674218
real world deployment,2,5.666578814116735
real world large,2,5.666578814116735
real world public,4,5.155753190350744
real world road,3,5.378896741664954
real world scenario,4,5.155753190350744
real world setting,2,5.666578814116735
real world traffic,58,2.687653658879125
real world urban,2,5.666578814116735
realistic,4,5.155753190350744
reality,6,4.819280953729532
realization,2,5.666578814116735
reason,5,4.973431633556789
reasonably,2,5.666578814116735
reasoning,2,5.666578814116735
received,2,5.666578814116735
recent,70,2.502511225743529
recent advance,3,5.378896741664954
recent advancement,2,5.666578814116735
recent decade,2,5.666578814116735
recent deep,2,5.666578814116735
recent deep learning,2,5.666578814116735
recent development,3,5.378896741664954
recent graph,4,5.155753190350744
recent proposal,2,5.666578814116735
recent research,3,5.378896741664954
recent success,2,5.666578814116735
recent traffic,3,5.378896741664954
recent work,4,5.155753190350744
recent year,22,3.6296968868556947
recently,19,3.7694588292308535
receptive,5,4.973431633556789
receptive field,5,4.973431633556789
recognized,3,5.378896741664954
recognizing,4,5.155753190350744
reconstruct,4,5.155753190350744
reconstruction,7,4.685749561105009
reconstructs,3,5.378896741664954
record,4,5.155753190350744
recorded,3,5.378896741664954
recording,2,5.666578814116735
recurrent,53,2.7762070562205703
recurrent network,12,4.200241745323308
recurrent neural,31,3.299455199985118
recurrent neural network,31,3.299455199985118
recurrent unit,15,3.9926023805450632
reduce,14,4.057140901682635
reduce computational,2,5.666578814116735
reduce computational complexity,2,5.666578814116735
reduce delay,2,5.666578814116735
reduced,6,4.819280953729532
reduces,15,3.9926023805450632
reduces mae,2,5.666578814116735
reducing,17,3.87481934488868
reducing communication,2,5.666578814116735
reducing computational,2,5.666578814116735
reducing required,2,5.666578814116735
reducing required training,2,5.666578814116735
reducing training,2,5.666578814116735
reduction,10,4.367295829986475
redundant,3,5.378896741664954
refine,4,5.155753190350744
refine prediction,2,5.666578814116735
refinement,3,5.378896741664954
reflect,10,4.367295829986475
reflecting,2,5.666578814116735
reflects,3,5.378896741664954
reframe,2,5.666578814116735
regarding,2,5.666578814116735
regardless,3,5.378896741664954
regime,5,4.973431633556789
region,26,3.4693542367805157
region dependency,2,5.666578814116735
regional,4,5.155753190350744
regression,9,4.4626060097907985
regular,5,4.973431633556789
regular traffic,2,5.666578814116735
regularity,2,5.666578814116735
regularization,5,4.973431633556789
regularized,2,5.666578814116735
reinforcement,6,4.819280953729532
reinforcement learning,6,4.819280953729532
related,13,4.126133773169586
relation,14,4.057140901682635
relationship,43,2.9810014688665833
relative,7,4.685749561105009
relatively,2,5.666578814116735
released,3,5.378896741664954
relevant,4,5.155753190350744
reliability,5,4.973431633556789
reliable,16,3.9319777587286286
reliable explanation,2,5.666578814116735
reliable prediction,2,5.666578814116735
reliable traffic,3,5.378896741664954
reliable traffic prediction,2,5.666578814116735
reliance,6,4.819280953729532
relied,3,5.378896741664954
relies,9,4.4626060097907985
relies heavily,2,5.666578814116735
rely,19,3.7694588292308535
rely solely,2,5.666578814116735
relying,5,4.973431633556789
remain,5,4.973431633556789
remaining,4,5.155753190350744
remains,32,3.268683541318364
remains challenging,8,4.567966525448625
remains underexplored,2,5.666578814116735
remarkable,6,4.819280953729532
remarkably,2,5.666578814116735
removed,2,5.666578814116735
removing,2,5.666578814116735
rendering,3,5.378896741664954
repeated,3,5.378896741664954
repeatedly,2,5.666578814116735
report,2,5.666578814116735
reported,3,5.378896741664954
represent,11,4.280284452996844
represent heterogeneous,2,5.666578814116735
represent traffic,2,5.666578814116735
representation,48,2.873370804674218
representation capability,2,5.666578814116735
representation learning,5,4.973431633556789
representative,8,4.567966525448625
representative traffic,3,5.378896741664954
represented,3,5.378896741664954
representing,2,5.666578814116735
represents,3,5.378896741664954
reproduce,2,5.666578814116735
reproducible,2,5.666578814116735
require,17,3.87481934488868
require intricate,2,5.666578814116735
required,7,4.685749561105009
required training,3,5.378896741664954
required training data,2,5.666578814116735
requirement,8,4.567966525448625
requires,12,4.200241745323308
requiring,3,5.378896741664954
rerouting,2,5.666578814116735
research,59,2.670846540562744
research area,4,5.155753190350744
research direction,3,5.378896741664954
research effort,3,5.378896741664954
research field,3,5.378896741664954
research focus,2,5.666578814116735
research opportunity,3,5.378896741664954
research outcome,2,5.666578814116735
research topic,5,4.973431633556789
researcher,11,4.280284452996844
residual,13,4.126133773169586
residual connection,3,5.378896741664954
resilient,2,5.666578814116735
resolution,10,4.367295829986475
resolution data,2,5.666578814116735
resolution traffic,2,5.666578814116735
resolve,2,5.666578814116735
resource,25,3.5070945647633627
resource allocation,6,4.819280953729532
resource constrained,3,5.378896741664954
resource consumption,3,5.378896741664954
respectively,23,3.587137272436899
response,4,5.155753190350744
responsiveness,4,5.155753190350744
restrict,6,4.819280953729532
restricted,3,5.378896741664954
restricting,2,5.666578814116735
resulting,17,3.87481934488868
retains,2,5.666578814116735
retention,3,5.378896741664954
rethinking,3,5.378896741664954
retraining,5,4.973431633556789
retrieval,3,5.378896741664954
retrieve,2,5.666578814116735
reveal,7,4.685749561105009
revealing,4,5.155753190350744
reveals,4,5.155753190350744
review,6,4.819280953729532
revisiting,2,5.666578814116735
rich,10,4.367295829986475
rich source,2,5.666578814116735
ride,4,5.155753190350744
ride hailing,4,5.155753190350744
rise,2,5.666578814116735
risk,4,5.155753190350744
rmse,26,3.4693542367805157
rmse value,2,5.666578814116735
rnn,12,4.200241745323308
rnns,6,4.819280953729532
road condition,5,4.973431633556789
road congestion,4,5.155753190350744
road geometry,2,5.666578814116735
road graph,2,5.666578814116735
road link,2,5.666578814116735
road network,69,2.5166958607354855
road network graph,3,5.378896741664954
road network structure,3,5.378896741664954
road network topology,3,5.378896741664954
road safety,2,5.666578814116735
road segment,13,4.126133773169586
road sensor,5,4.973431633556789
road traffic,10,4.367295829986475
road traffic forecasting,3,5.378896741664954
roadway,7,4.685749561105009
roadway capacity,2,5.666578814116735
robust,21,3.6741486494265287
robust traffic,2,5.666578814116735
robustness,26,3.4693542367805157
role,39,3.076311648670908
root,9,4.4626060097907985
root mean,9,4.4626060097907985
root mean square,6,4.819280953729532
root mean squared,3,5.378896741664954
route,18,3.820752123618404
route guidance,5,4.973431633556789
route planning,7,4.685749561105009
routine,2,5.666578814116735
routing,5,4.973431633556789
run,4,5.155753190350744
runtime,2,5.666578814116735
rush,3,5.378896741664954
rush hour,2,5.666578814116735
safety,13,4.126133773169586
sample,13,4.126133773169586
sampling,6,4.819280953729532
sampling strategy,2,5.666578814116735
san,2,5.666578814116735
satisfactory,4,5.155753190350744
scalability,10,4.367295829986475
scalable,11,4.280284452996844
scalable spatiotemporal,2,5.666578814116735
scalable traffic,4,5.155753190350744
scalable traffic forecasting,2,5.666578814116735
scalable traffic prediction,2,5.666578814116735
scale,61,2.638056717739753
scale attention,2,5.666578814116735
scale attention mechanism,2,5.666578814116735
scale datasets,5,4.973431633556789
scale network,2,5.666578814116735
scale periodic,2,5.666578814116735
scale periodic pattern,2,5.666578814116735
scale real,3,5.378896741664954
scale real world,3,5.378896741664954
scale representation,2,5.666578814116735
scale road,3,5.378896741664954
scale road network,3,5.378896741664954
scale spatial,4,5.155753190350744
scale spatial temporal,2,5.666578814116735
scale spatio,2,5.666578814116735
scale spatio temporal,2,5.666578814116735
scale spatiotemporal,4,5.155753190350744
scale spatiotemporal feature,2,5.666578814116735
scale traffic,12,4.200241745323308
scale traffic data,2,5.666578814116735
scale traffic datasets,5,4.973431633556789
scale traffic forecasting,5,4.973431633556789
scale traffic prediction,3,5.378896741664954
scale transportation,3,5.378896741664954
scale transportation network,3,5.378896741664954
scaling,4,5.155753190350744
scarce,13,4.126133773169586
scarce city,3,5.378896741664954
scarce scenario,2,5.666578814116735
scarce target,3,5.378896741664954
scarce target city,2,5.666578814116735
scarcity,4,5.155753190350744
scarcity issue,2,5.666578814116735
scenario,39,3.076311648670908
scheduling,5,4.973431633556789
scheme,16,3.9319777587286286
scope,3,5.378896741664954
score,10,4.367295829986475
score matrix,2,5.666578814116735
se,2,5.666578814116735
seamlessly,2,5.666578814116735
search,4,5.155753190350744
seasonal,2,5.666578814116735
seasonality,3,5.378896741664954
seattle,3,5.378896741664954
second,14,4.057140901682635
secondly,7,4.685749561105009
section,2,5.666578814116735
secure,2,5.666578814116735
segment,18,3.820752123618404
select,4,5.155753190350744
selected,4,5.155753190350744
selection,7,4.685749561105009
selective,4,5.155753190350744
selective state,4,5.155753190350744
selective state space,4,5.155753190350744
selectively,2,5.666578814116735
self,32,3.268683541318364
self adaptive,2,5.666578814116735
self attention,24,3.546315277916644
self attention mechanism,12,4.200241745323308
self attention module,2,5.666578814116735
self supervised,3,5.378896741664954
semantic,11,4.280284452996844
semantic context,2,5.666578814116735
semantics,4,5.155753190350744
semi,4,5.155753190350744
semi decentralized,2,5.666578814116735
sensing,9,4.4626060097907985
sensing infrastructure,2,5.666578814116735
sensitive,5,4.973431633556789
sensitivity,2,5.666578814116735
sensor,61,2.638056717739753
sensor data,4,5.155753190350744
sensor deployed,2,5.666578814116735
sensor graph,2,5.666578814116735
sensor installed,2,5.666578814116735
sensor location,2,5.666578814116735
sensor network,8,4.567966525448625
separate,9,4.4626060097907985
separated,3,5.378896741664954
separately,15,3.9926023805450632
separation,2,5.666578814116735
seq2seq,2,5.666578814116735
sequence,29,3.3639937211226894
sequential,8,4.567966525448625
sequential data,3,5.378896741664954
serf,2,5.666578814116735
series,59,2.670846540562744
series data,5,4.973431633556789
series forecasting,9,4.4626060097907985
series modeling,2,5.666578814116735
series prediction,2,5.666578814116735
series traffic,2,5.666578814116735
serve,5,4.973431633556789
server,4,5.155753190350744
server free,2,5.666578814116735
server free fl,2,5.666578814116735
service,8,4.567966525448625
set,30,3.3312038982996985
setting,18,3.820752123618404
setup,4,5.155753190350744
seven,2,5.666578814116735
severe,5,4.973431633556789
severely,2,5.666578814116735
share,4,5.155753190350744
shared,10,4.367295829986475
shared spatial,2,5.666578814116735
sharing,7,4.685749561105009
sharp,2,5.666578814116735
shed,2,5.666578814116735
shed light,2,5.666578814116735
shift,11,4.280284452996844
shifted,2,5.666578814116735
shifting,2,5.666578814116735
short,74,2.4477029892485342
short range,5,4.973431633556789
short range spatial,2,5.666578814116735
short term,58,2.687653658879125
short term forecast,3,5.378896741664954
short term memory,17,3.87481934488868
short term prediction,9,4.4626060097907985
short term temporal,5,4.973431633556789
short term traffic,28,3.3978952727983707
shortcoming,3,5.378896741664954
shot,14,4.057140901682635
shot forecasting,2,5.666578814116735
shot learning,6,4.819280953729532
shot prediction,4,5.155753190350744
shot prediction scenario,2,5.666578814116735
shot setting,2,5.666578814116735
shot traffic,6,4.819280953729532
shot traffic forecasting,5,4.973431633556789
showcase,2,5.666578814116735
showed,2,5.666578814116735
showing,5,4.973431633556789
shown,15,3.9926023805450632
shown promise,3,5.378896741664954
signal,20,3.7206686650614214
signal control,7,4.685749561105009
signal phase,2,5.666578814116735
signalized,2,5.666578814116735
significance,10,4.367295829986475
significant,66,2.5604984833938786
significant advancement,3,5.378896741664954
significant advancement thanks,2,5.666578814116735
significant attention,2,5.666578814116735
significant challenge,6,4.819280953729532
significant impact,2,5.666578814116735
significant implication,2,5.666578814116735
significant importance,2,5.666578814116735
significant improvement,8,4.567966525448625
significant margin,3,5.378896741664954
significant progress,7,4.685749561105009
significant role,2,5.666578814116735
significant stride,2,5.666578814116735
significantly,35,3.1816721643287345
significantly enhance,3,5.378896741664954
significantly enhances,2,5.666578814116735
significantly improving,3,5.378896741664954
significantly outperforms,4,5.155753190350744
significantly outperforms state,2,5.666578814116735
significantly reduced,2,5.666578814116735
similar,18,3.820752123618404
similarity,17,3.87481934488868
simple,12,4.200241745323308
simpler,2,5.666578814116735
simplicity,2,5.666578814116735
simplifies,2,5.666578814116735
simulate,2,5.666578814116735
simulated,6,4.819280953729532
simulated data,2,5.666578814116735
simulation,7,4.685749561105009
simultaneously,29,3.3639937211226894
simultaneously capture,3,5.378896741664954
simultaneously predict,2,5.666578814116735
single,24,3.546315277916644
single dimension,2,5.666578814116735
single layer,2,5.666578814116735
situation,8,4.567966525448625
size,7,4.685749561105009
skip,4,5.155753190350744
skip connection,2,5.666578814116735
slice,2,5.666578814116735
slot,3,5.378896741664954
slow,4,5.155753190350744
small,11,4.280284452996844
smaller,2,5.666578814116735
smart,27,3.4329865926096406
smart city,17,3.87481934488868
smart city initiative,2,5.666578814116735
smart mobility,6,4.819280953729532
smart transportation,2,5.666578814116735
smooth,3,5.378896741664954
smoothing,7,4.685749561105009
snapshot,2,5.666578814116735
social,2,5.666578814116735
solely,6,4.819280953729532
solution,24,3.546315277916644
solve,12,4.200241745323308
solved,3,5.378896741664954
sophisticated,6,4.819280953729532
sota,8,4.567966525448625
source,26,3.4693542367805157
source city,2,5.666578814116735
source code,11,4.280284452996844
source domain,2,5.666578814116735
space,33,3.2388305781686832
space mapping,2,5.666578814116735
space time,2,5.666578814116735
spain,3,5.378896741664954
span,3,5.378896741664954
sparse,14,4.057140901682635
sparse regularization,2,5.666578814116735
sparsity,4,5.155753190350744
spatial attention,6,4.819280953729532
spatial attention mechanism,3,5.378896741664954
spatial context,4,5.155753190350744
spatial correlation,28,3.3978952727983707
spatial dependence,8,4.567966525448625
spatial dependency,39,3.076311648670908
spatial dimension,4,5.155753190350744
spatial dynamic,2,5.666578814116735
spatial factor,2,5.666578814116735
spatial feature,8,4.567966525448625
spatial feature extraction,2,5.666578814116735
spatial graph,8,4.567966525448625
spatial heterogeneity,3,5.378896741664954
spatial influence,2,5.666578814116735
spatial information,12,4.200241745323308
spatial information propagation,2,5.666578814116735
spatial interaction,4,5.155753190350744
spatial knowledge,2,5.666578814116735
spatial location,2,5.666578814116735
spatial modeling,3,5.378896741664954
spatial module,2,5.666578814116735
spatial partitioning,2,5.666578814116735
spatial pattern,2,5.666578814116735
spatial relation,2,5.666578814116735
spatial relationship,7,4.685749561105009
spatial representation,2,5.666578814116735
spatial self,5,4.973431633556789
spatial self attention,5,4.973431633556789
spatial structure,3,5.378896741664954
spatial temporal,85,2.310843806531337
spatial temporal adaptive,2,5.666578814116735
spatial temporal attention,5,4.973431633556789
spatial temporal correlation,13,4.126133773169586
spatial temporal data,4,5.155753190350744
spatial temporal dependence,3,5.378896741664954
spatial temporal dependency,28,3.3978952727983707
spatial temporal dynamic,2,5.666578814116735
spatial temporal feature,2,5.666578814116735
spatial temporal fusion,2,5.666578814116735
spatial temporal graph,22,3.6296968868556947
spatial temporal information,3,5.378896741664954
spatial temporal modeling,3,5.378896741664954
spatial temporal network,2,5.666578814116735
spatial temporal neural,2,5.666578814116735
spatial temporal pattern,5,4.973431633556789
spatial temporal relationship,2,5.666578814116735
spatial temporal road,2,5.666578814116735
spatial temporal self,2,5.666578814116735
spatial temporal synchronous,2,5.666578814116735
spatial temporal traffic,9,4.4626060097907985
spatial temporal transformer,5,4.973431633556789
spatial topology,3,5.378896741664954
spatial transformer,4,5.155753190350744
spatially,8,4.567966525448625
spatio temporal attention,3,5.378896741664954
spatio temporal complexity,2,5.666578814116735
spatio temporal context,2,5.666578814116735
spatio temporal correlation,21,3.6741486494265287
spatio temporal data,5,4.973431633556789
spatio temporal dependency,31,3.299455199985118
spatio temporal dynamic,6,4.819280953729532
spatio temporal embeddings,4,5.155753190350744
spatio temporal feature,4,5.155753190350744
spatio temporal forecasting,9,4.4626060097907985
spatio temporal fusion,3,5.378896741664954
spatio temporal gnn,2,5.666578814116735
spatio temporal gnns,2,5.666578814116735
spatio temporal graph,29,3.3639937211226894
spatio temporal heterogeneity,4,5.155753190350744
spatio temporal hierarchical,2,5.666578814116735
spatio temporal impact,2,5.666578814116735
spatio temporal joint,2,5.666578814116735
spatio temporal learning,3,5.378896741664954
spatio temporal meta,2,5.666578814116735
spatio temporal modeling,6,4.819280953729532
spatio temporal multi,2,5.666578814116735
spatio temporal network,3,5.378896741664954
spatio temporal neural,2,5.666578814116735
spatio temporal pattern,5,4.973431633556789
spatio temporal prediction,9,4.4626060097907985
spatio temporal relation,6,4.819280953729532
spatio temporal relationship,8,4.567966525448625
spatio temporal representation,2,5.666578814116735
spatio temporal traffic,11,4.280284452996844
spatio temporal transformer,3,5.378896741664954
spatiotemporal,55,2.7398394120496956
spatiotemporal attention,3,5.378896741664954
spatiotemporal aware,2,5.666578814116735
spatiotemporal correlation,8,4.567966525448625
spatiotemporal dependency,7,4.685749561105009
spatiotemporal embedding,2,5.666578814116735
spatiotemporal feature,9,4.4626060097907985
spatiotemporal flow,2,5.666578814116735
spatiotemporal forecasting,4,5.155753190350744
spatiotemporal fusion,2,5.666578814116735
spatiotemporal graph,11,4.280284452996844
spatiotemporal graph neural,5,4.973431633556789
spatiotemporal graph transformer,2,5.666578814116735
spatiotemporal modeling,3,5.378896741664954
spatiotemporal network,3,5.378896741664954
spatiotemporal pattern,2,5.666578814116735
spatiotemporal relationship,4,5.155753190350744
spatiotemporal representation,2,5.666578814116735
spatiotemporal traffic,9,4.4626060097907985
spatiotemporal traffic forecasting,4,5.155753190350744
spatiotemporal traffic prediction,2,5.666578814116735
special,2,5.666578814116735
special event,2,5.666578814116735
special event traffic,2,5.666578814116735
specialized,3,5.378896741664954
specialized graph,2,5.666578814116735
specially,4,5.155753190350744
specially designed,2,5.666578814116735
specific,30,3.3312038982996985
specific feature,2,5.666578814116735
specific location,2,5.666578814116735
specific pattern,3,5.378896741664954
specific prediction,2,5.666578814116735
specific traffic,2,5.666578814116735
specific traffic pattern,2,5.666578814116735
specifically,60,2.654317238611533
specifically designed,2,5.666578814116735
spectral,5,4.973431633556789
spectrum,2,5.666578814116735
speed,67,2.545683397608738
speed change,3,5.378896741664954
speed evolving,2,5.666578814116735
speed evolving pattern,2,5.666578814116735
speed forecasting,7,4.685749561105009
speed pattern,2,5.666578814116735
speed prediction,18,3.820752123618404
speed prediction aim,2,5.666578814116735
split,3,5.378896741664954
square,10,4.367295829986475
square error,6,4.819280953729532
squared,5,4.973431633556789
squared error,5,4.973431633556789
st,19,3.7694588292308535
st gnn,4,5.155753190350744
st gnns,5,4.973431633556789
st mamba,2,5.666578814116735
stability,12,4.200241745323308
stable,7,4.685749561105009
stack,3,5.378896741664954
stacking,3,5.378896741664954
staeformer,2,5.666578814116735
stage,6,4.819280953729532
stand,3,5.378896741664954
standard,23,3.587137272436899
standard benchmark,4,5.155753190350744
standard fl,2,5.666578814116735
standard traffic,3,5.378896741664954
standardized,2,5.666578814116735
standing,2,5.666578814116735
start,2,5.666578814116735
state forecasting,3,5.378896741664954
state prediction,10,4.367295829986475
state space,5,4.973431633556789
state variable,2,5.666578814116735
static,28,3.3978952727983707
static adjacency,2,5.666578814116735
static adjacency matrix,2,5.666578814116735
static attribute,2,5.666578814116735
static graph,4,5.155753190350744
static graph structure,2,5.666578814116735
static spatial,5,4.973431633556789
station,7,4.685749561105009
stationarity,4,5.155753190350744
stationary,4,5.155753190350744
statistic,3,5.378896741664954
statistical,11,4.280284452996844
status,6,4.819280953729532
stem,3,5.378896741664954
step,32,3.268683541318364
step prediction,2,5.666578814116735
step traffic,4,5.155753190350744
stgcn,3,5.378896741664954
stgnns,7,4.685749561105009
stochastic,6,4.819280953729532
storage,2,5.666578814116735
store,2,5.666578814116735
strategy,32,3.268683541318364
stream,8,4.567966525448625
streaming,5,4.973431633556789
streaming network,3,5.378896741664954
streaming traffic,2,5.666578814116735
streaming traffic flow,2,5.666578814116735
street,2,5.666578814116735
strength,5,4.973431633556789
strengthen,2,5.666578814116735
strengthens,3,5.378896741664954
stride,2,5.666578814116735
strong,15,3.9926023805450632
strong baseline,4,5.155753190350744
strong predictive,3,5.378896741664954
structural,12,4.200241745323308
structurally,2,5.666578814116735
structure,71,2.488524983768789
structure information,3,5.378896741664954
structure learning,4,5.155753190350744
structured,7,4.685749561105009
structured traffic,2,5.666578814116735
struggle,16,3.9319777587286286
struggling,2,5.666578814116735
student,5,4.973431633556789
studied,7,4.685749561105009
studying,2,5.666578814116735
style,2,5.666578814116735
style learning,2,5.666578814116735
sub,2,5.666578814116735
subdivided,2,5.666578814116735
subgraph,3,5.378896741664954
subgraphs,4,5.155753190350744
subject,2,5.666578814116735
subsequent,4,5.155753190350744
subsequently,11,4.280284452996844
subset,2,5.666578814116735
substantial,12,4.200241745323308
substantially,5,4.973431633556789
substantially reducing,2,5.666578814116735
success,11,4.280284452996844
successful,3,5.378896741664954
sudden,4,5.155753190350744
sudden speed,2,5.666578814116735
sudden speed change,2,5.666578814116735
suffer,14,4.057140901682635
sufficient,9,4.4626060097907985
sufficient data,2,5.666578814116735
sufficiently,4,5.155753190350744
suggest,7,4.685749561105009
suggested,3,5.378896741664954
suggesting,3,5.378896741664954
suggests,4,5.155753190350744
suitability,3,5.378896741664954
suitable,10,4.367295829986475
suited,3,5.378896741664954
summarize,2,5.666578814116735
summarized,2,5.666578814116735
summary,2,5.666578814116735
super,3,5.378896741664954
superior,34,3.209843041295431
superior prediction,4,5.155753190350744
superior prediction accuracy,2,5.666578814116735
superiority,18,3.820752123618404
supervised,3,5.378896741664954
support,14,4.057140901682635
supporting,8,4.567966525448625
surface,2,5.666578814116735
surge,2,5.666578814116735
surpasses,5,4.973431633556789
surpasses state,3,5.378896741664954
surrounding,3,5.378896741664954
survey,7,4.685749561105009
swift,2,5.666578814116735
switching,2,5.666578814116735
synchronous,4,5.155753190350744
synergistic,2,5.666578814116735
synthetic,2,5.666578814116735
synthetic data,2,5.666578814116735
systematic,6,4.819280953729532
systematically,4,5.155753190350744
tackle,27,3.4329865926096406
tackled,2,5.666578814116735
tail,3,5.378896741664954
tail distribution,2,5.666578814116735
tailored,3,5.378896741664954
taken,2,5.666578814116735
taking,3,5.378896741664954
target,14,4.057140901682635
target city,2,5.666578814116735
target domain,3,5.378896741664954
targeted,2,5.666578814116735
taxonomy,2,5.666578814116735
tcn,2,5.666578814116735
teacher,4,5.155753190350744
team,2,5.666578814116735
technical,3,5.378896741664954
technical report,2,5.666578814116735
technique,31,3.299455199985118
technology,16,3.9319777587286286
temporal adaptive,3,5.378896741664954
temporal adaptive embedding,2,5.666578814116735
temporal aggregation,2,5.666578814116735
temporal aspect,2,5.666578814116735
temporal attention,14,4.057140901682635
temporal attention layer,2,5.666578814116735
temporal attention mechanism,3,5.378896741664954
temporal attention module,4,5.155753190350744
temporal aware,2,5.666578814116735
temporal characteristic,4,5.155753190350744
temporal complexity,3,5.378896741664954
temporal component,2,5.666578814116735
temporal condition,2,5.666578814116735
temporal context,8,4.567966525448625
temporal convolution,2,5.666578814116735
temporal convolution network,2,5.666578814116735
temporal convolutional,4,5.155753190350744
temporal convolutional network,4,5.155753190350744
temporal correlation,46,2.915043501074786
temporal correlation separately,2,5.666578814116735
temporal correlation simultaneously,3,5.378896741664954
temporal coverage,2,5.666578814116735
temporal data,10,4.367295829986475
temporal data mining,3,5.378896741664954
temporal deep,2,5.666578814116735
temporal dependence,6,4.819280953729532
temporal dependency learning,2,5.666578814116735
temporal dependency make,3,5.378896741664954
temporal dependency separately,3,5.378896741664954
temporal dimension,3,5.378896741664954
temporal distribution,2,5.666578814116735
temporal dynamic,18,3.820752123618404
temporal embedding,2,5.666578814116735
temporal embeddings,5,4.973431633556789
temporal evolution,2,5.666578814116735
temporal factor,4,5.155753190350744
temporal feature,19,3.7694588292308535
temporal feature extraction,2,5.666578814116735
temporal forecasting,10,4.367295829986475
temporal foundation,2,5.666578814116735
temporal fusion,5,4.973431633556789
temporal fusion graph,4,5.155753190350744
temporal gnn,2,5.666578814116735
temporal gnns,2,5.666578814116735
temporal graph,56,2.722139834950294
temporal graph convolution,3,5.378896741664954
temporal graph convolutional,14,4.057140901682635
temporal graph learning,3,5.378896741664954
temporal graph neural,24,3.546315277916644
temporal graph transformer,2,5.666578814116735
temporal heterogeneity,5,4.973431633556789
temporal hierarchical,2,5.666578814116735
temporal impact,2,5.666578814116735
temporal information,10,4.367295829986475
temporal joint,2,5.666578814116735
temporal joint graph,2,5.666578814116735
temporal learning,5,4.973431633556789
temporal meta,2,5.666578814116735
temporal modeling,12,4.200241745323308
temporal module,2,5.666578814116735
temporal multi,4,5.155753190350744
temporal network,5,4.973431633556789
temporal neural,4,5.155753190350744
temporal neural network,4,5.155753190350744
temporal pattern,27,3.4329865926096406
temporal position,2,5.666578814116735
temporal prediction,10,4.367295829986475
temporal relation,6,4.819280953729532
temporal relationship,14,4.057140901682635
temporal representation,5,4.973431633556789
temporal road,2,5.666578814116735
temporal scale,3,5.378896741664954
temporal self,6,4.819280953729532
temporal self attention,4,5.155753190350744
temporal self supervised,2,5.666578814116735
temporal sequence,2,5.666578814116735
temporal spatial,2,5.666578814116735
temporal structure,2,5.666578814116735
temporal synchronous,3,5.378896741664954
temporal time,2,5.666578814116735
temporal traffic,23,3.587137272436899
temporal traffic data,2,5.666578814116735
temporal traffic flow,4,5.155753190350744
temporal traffic forecasting,8,4.567966525448625
temporal traffic pattern,6,4.819280953729532
temporal traffic prediction,3,5.378896741664954
temporal transformer,10,4.367295829986475
temporal transformer network,3,5.378896741664954
temporal unit,2,5.666578814116735
temporal variation,2,5.666578814116735
temporally,3,5.378896741664954
tendency,2,5.666578814116735
tensor,4,5.155753190350744
tensor decomposition,2,5.666578814116735
tensor graph,2,5.666578814116735
tensor graph convolutional,2,5.666578814116735
term dependency,4,5.155753190350744
term forecast,4,5.155753190350744
term forecasting,9,4.4626060097907985
term information,2,5.666578814116735
term memory,17,3.87481934488868
term memory network,2,5.666578814116735
term prediction,20,3.7206686650614214
term prediction horizon,2,5.666578814116735
term spatio,2,5.666578814116735
term spatio temporal,2,5.666578814116735
term streaming,3,5.378896741664954
term streaming network,3,5.378896741664954
term temporal,12,4.200241745323308
term temporal correlation,2,5.666578814116735
term temporal dependency,4,5.155753190350744
term temporal feature,2,5.666578814116735
term traffic,41,3.0275214845014764
term traffic condition,2,5.666578814116735
term traffic flow,14,4.057140901682635
term traffic forecasting,14,4.057140901682635
term traffic prediction,15,3.9926023805450632
term traffic speed,2,5.666578814116735
term trend,3,5.378896741664954
termed,5,4.973431633556789
test,22,3.6296968868556947
test data,4,5.155753190350744
test time,5,4.973431633556789
tested,6,4.819280953729532
testing,4,5.155753190350744
testing phase,2,5.666578814116735
tfp,2,5.666578814116735
th,2,5.666578814116735
thanks,4,5.155753190350744
theoretical,6,4.819280953729532
theoretical analysis,2,5.666578814116735
theoretical guarantee,2,5.666578814116735
theoretically,2,5.666578814116735
theory,6,4.819280953729532
thoroughly,2,5.666578814116735
throughput,2,5.666578814116735
time complexity,3,5.378896741664954
time congestion,2,5.666578814116735
time consumption,2,5.666578814116735
time data,4,5.155753190350744
time delay,2,5.666578814116735
time dependent,2,5.666578814116735
time deployment,2,5.666578814116735
time dimension,2,5.666578814116735
time efficient,2,5.666578814116735
time embedding,3,5.378896741664954
time enhanced,2,5.666578814116735
time evolving,2,5.666578814116735
time floating,2,5.666578814116735
time interval,3,5.378896741664954
time period,5,4.973431633556789
time point,2,5.666578814116735
time prediction,2,5.666578814116735
time route,2,5.666578814116735
time route guidance,2,5.666578814116735
time series,48,2.873370804674218
time series data,5,4.973431633556789
time series forecasting,8,4.567966525448625
time series modeling,2,5.666578814116735
time series traffic,2,5.666578814116735
time slot,3,5.378896741664954
time spatial,2,5.666578814116735
time step,17,3.87481934488868
time traffic,18,3.820752123618404
time traffic data,2,5.666578814116735
time traffic flow,3,5.378896741664954
time traffic forecasting,2,5.666578814116735
time traffic management,2,5.666578814116735
time traffic prediction,5,4.973431633556789
time traffic state,2,5.666578814116735
time varying,8,4.567966525448625
time warping,2,5.666578814116735
time window,3,5.378896741664954
timely,9,4.4626060097907985
timely traffic,3,5.378896741664954
timely traffic flow,2,5.666578814116735
timestamp,2,5.666578814116735
timestamps,2,5.666578814116735
timesteps,3,5.378896741664954
timing,3,5.378896741664954
tl,3,5.378896741664954
today,2,5.666578814116735
token,2,5.666578814116735
toll,2,5.666578814116735
toll station,2,5.666578814116735
tool,7,4.685749561105009
topic,9,4.4626060097907985
topological,10,4.367295829986475
topological information,2,5.666578814116735
topological relationship,2,5.666578814116735
topological structure,3,5.378896741664954
topology,26,3.4693542367805157
trade,3,5.378896741664954
traditional,36,3.15427319014062
traditional fl,2,5.666578814116735
traditional forecasting,2,5.666578814116735
traditional graph,2,5.666578814116735
traditional statistical,2,5.666578814116735
traditional traffic,4,5.155753190350744
traditional traffic prediction,3,5.378896741664954
traffic accident,2,5.666578814116735
traffic analysis,2,5.666578814116735
traffic behavior,3,5.378896741664954
traffic benchmark,4,5.155753190350744
traffic characteristic,2,5.666578814116735
traffic condition,31,3.299455199985118
traffic condition forecasting,2,5.666578814116735
traffic condition prediction,2,5.666578814116735
traffic congestion,16,3.9319777587286286
traffic control,8,4.567966525448625
traffic count,2,5.666578814116735
traffic data collected,5,4.973431633556789
traffic data set,4,5.155753190350744
traffic dataset,4,5.155753190350744
traffic datasets,69,2.5166958607354855
traffic datasets offer,2,5.666578814116735
traffic demand,2,5.666578814116735
traffic detector,5,4.973431633556789
traffic distribution,2,5.666578814116735
traffic domain,2,5.666578814116735
traffic dynamic,26,3.4693542367805157
traffic efficiency,2,5.666578814116735
traffic environment,3,5.378896741664954
traffic feature,4,5.155753190350744
traffic flow data,12,4.200241745323308
traffic flow dataset,3,5.378896741664954
traffic flow datasets,5,4.973431633556789
traffic flow dynamic,3,5.378896741664954
traffic flow forecasting,39,3.076311648670908
traffic flow information,2,5.666578814116735
traffic flow management,2,5.666578814116735
traffic flow pattern,4,5.155753190350744
traffic flow prediction,65,2.575536360758419
traffic flow volume,2,5.666578814116735
traffic fluctuation,2,5.666578814116735
traffic forecast,8,4.567966525448625
traffic forecasting accuracy,2,5.666578814116735
traffic forecasting benchmark,2,5.666578814116735
traffic forecasting datasets,4,5.155753190350744
traffic forecasting play,6,4.819280953729532
traffic forecasting problem,8,4.567966525448625
traffic forecasting remains,2,5.666578814116735
traffic forecasting requires,2,5.666578814116735
traffic forecasting research,2,5.666578814116735
traffic graph,3,5.378896741664954
traffic information,11,4.280284452996844
traffic intensity,2,5.666578814116735
traffic management,41,3.0275214845014764
traffic manager,2,5.666578814116735
traffic map,3,5.378896741664954
traffic map movie,2,5.666578814116735
traffic metric,2,5.666578814116735
traffic modeling,4,5.155753190350744
traffic monitoring,5,4.973431633556789
traffic network,43,2.9810014688665833
traffic network datasets,2,5.666578814116735
traffic node,6,4.819280953729532
traffic observation,4,5.155753190350744
traffic operation,2,5.666578814116735
traffic parameter,6,4.819280953729532
traffic pattern,46,2.915043501074786
traffic pattern bank,2,5.666578814116735
traffic prediction algorithm,2,5.666578814116735
traffic prediction application,2,5.666578814116735
traffic prediction datasets,2,5.666578814116735
traffic prediction literature,2,5.666578814116735
traffic prediction play,6,4.819280953729532
traffic prediction remains,2,5.666578814116735
traffic predictor,2,5.666578814116735
traffic region,3,5.378896741664954
traffic remains,2,5.666578814116735
traffic scenario,2,5.666578814116735
traffic sensing,2,5.666578814116735
traffic sensor,12,4.200241745323308
traffic sequence,2,5.666578814116735
traffic series,3,5.378896741664954
traffic signal,6,4.819280953729532
traffic signal control,2,5.666578814116735
traffic situation,2,5.666578814116735
traffic speed,37,3.1276049430584587
traffic speed evolving,2,5.666578814116735
traffic speed forecasting,6,4.819280953729532
traffic speed prediction,15,3.9926023805450632
traffic state,33,3.2388305781686832
traffic state forecasting,3,5.378896741664954
traffic state prediction,9,4.4626060097907985
traffic status,4,5.155753190350744
traffic time,6,4.819280953729532
traffic time series,6,4.819280953729532
traffic trend,2,5.666578814116735
traffic variable,2,5.666578814116735
traffic volume,6,4.819280953729532
traffic volume prediction,5,4.973431633556789
traffic4cast,8,4.567966525448625
traffic4cast challenge,3,5.378896741664954
train,12,4.200241745323308
trainable,2,5.666578814116735
trained,25,3.5070945647633627
training,73,2.461126009580675
training cost,3,5.378896741664954
training data,14,4.057140901682635
training distribution,2,5.666578814116735
training phase,2,5.666578814116735
training process,4,5.155753190350744
training sample,3,5.378896741664954
training stage,2,5.666578814116735
training time,6,4.819280953729532
trajectory,3,5.378896741664954
transfer,23,3.587137272436899
transfer learning,10,4.367295829986475
transferability,2,5.666578814116735
transferable,8,4.567966525448625
transferred,4,5.155753190350744
transferring,4,5.155753190350744
transform,4,5.155753190350744
transformation,6,4.819280953729532
transformer,56,2.722139834950294
transformer architecture,8,4.567966525448625
transformer encoder,2,5.666578814116735
transformer module,3,5.378896741664954
transformer network,6,4.819280953729532
transforms,3,5.378896741664954
transition,4,5.155753190350744
transitional,2,5.666578814116735
transmission,4,5.155753190350744
transmitting,2,5.666578814116735
transparency,2,5.666578814116735
transport,9,4.4626060097907985
transportation agency,2,5.666578814116735
transportation application,2,5.666578814116735
transportation corridor,2,5.666578814116735
transportation datasets,2,5.666578814116735
transportation domain,3,5.378896741664954
transportation management,8,4.567966525448625
transportation network,15,3.9926023805450632
transportation network make,3,5.378896741664954
transportation planning,2,5.666578814116735
transportation research,2,5.666578814116735
transportation service,3,5.378896741664954
travel,19,3.7694588292308535
travel demand,2,5.666578814116735
travel experience,2,5.666578814116735
travel time,9,4.4626060097907985
traveling,2,5.666578814116735
treat,5,4.973431633556789
treat traffic,2,5.666578814116735
tree,2,5.666578814116735
trend,23,3.587137272436899
trial,2,5.666578814116735
tried,2,5.666578814116735
trivial,4,5.155753190350744
true,5,4.973431633556789
true value,2,5.666578814116735
truly,5,4.973431633556789
trustworthiness,2,5.666578814116735
truth,3,5.378896741664954
try,2,5.666578814116735
tune,2,5.666578814116735
tuned,5,4.973431633556789
tuning,8,4.567966525448625
tuning stage,2,5.666578814116735
turn,3,5.378896741664954
type,14,4.057140901682635
typical,9,4.4626060097907985
typically,15,3.9926023805450632
ultimately,3,5.378896741664954
unable,4,5.155753190350744
unavailable,3,5.378896741664954
uncertain,2,5.666578814116735
uncertainty,18,3.820752123618404
uncertainty aware,2,5.666578814116735
uncertainty aware traffic,2,5.666578814116735
uncertainty estimate,2,5.666578814116735
uncertainty estimation,2,5.666578814116735
uncertainty quantification,6,4.819280953729532
uncover,2,5.666578814116735
underexplored,3,5.378896741664954
undergo,3,5.378896741664954
underlying,9,4.4626060097907985
underlying complex,2,5.666578814116735
underlying complex spatio,2,5.666578814116735
underscore,4,5.155753190350744
understand,4,5.155753190350744
understanding,13,4.126133773169586
unet,3,5.378896741664954
unexpected,4,5.155753190350744
unexpected event,2,5.666578814116735
unexplored,2,5.666578814116735
unfortunately,4,5.155753190350744
unified,18,3.820752123618404
unified spatial,3,5.378896741664954
unified spatial temporal,2,5.666578814116735
unified spatio,3,5.378896741664954
unified spatio temporal,3,5.378896741664954
uniform,3,5.378896741664954
unifying,2,5.666578814116735
unique,7,4.685749561105009
unique challenge,2,5.666578814116735
unit,24,3.546315277916644
universal,4,5.155753190350744
universal spatio,2,5.666578814116735
universal spatio temporal,2,5.666578814116735
unknown,3,5.378896741664954
unlike,11,4.280284452996844
unlike traditional,3,5.378896741664954
unnecessary,2,5.666578814116735
unpredictability,2,5.666578814116735
unpredictable,2,5.666578814116735
unrealistic,2,5.666578814116735
unsatisfactory,2,5.666578814116735
unseen,8,4.567966525448625
unseen region,2,5.666578814116735
unseen road,2,5.666578814116735
unstructured,2,5.666578814116735
unsuitable,2,5.666578814116735
unveiling,4,5.155753190350744
update,10,4.367295829986475
updated,3,5.378896741664954
updating,3,5.378896741664954
upsampling,2,5.666578814116735
urban,79,2.383164468110963
urban area,2,5.666578814116735
urban computing,4,5.155753190350744
urban context,2,5.666578814116735
urban environment,4,5.155753190350744
urban life,2,5.666578814116735
urban management,2,5.666578814116735
urban mobility,9,4.4626060097907985
urban mobility optimization,2,5.666578814116735
urban network,3,5.378896741664954
urban planning,12,4.200241745323308
urban road,7,4.685749561105009
urban road network,3,5.378896741664954
urban space,2,5.666578814116735
urban traffic,26,3.4693542367805157
urban traffic control,2,5.666578814116735
urban traffic data,2,5.666578814116735
urban traffic flow,4,5.155753190350744
urban traffic forecasting,2,5.666578814116735
urban traffic management,3,5.378896741664954
urban traffic network,2,5.666578814116735
urban traffic speed,2,5.666578814116735
urban transportation,5,4.973431633556789
urban transportation service,2,5.666578814116735
urbanization,7,4.685749561105009
usa,2,5.666578814116735
usage,4,5.155753190350744
useful,3,5.378896741664954
user,8,4.567966525448625
usually,6,4.819280953729532
utility,2,5.666578814116735
utilization,10,4.367295829986475
utilization efficiency,2,5.666578814116735
utilize,14,4.057140901682635
utilized,8,4.567966525448625
utilizes,14,4.057140901682635
utilizing,18,3.820752123618404
v,2,5.666578814116735
validate,14,4.057140901682635
validated,5,4.973431633556789
validation,4,5.155753190350744
validity,2,5.666578814116735
valuable,7,4.685749561105009
valuable insight,2,5.666578814116735
value,22,3.6296968868556947
valued,2,5.666578814116735
vanilla,3,5.378896741664954
vanilla transformer,2,5.666578814116735
variability,4,5.155753190350744
variable,13,4.126133773169586
variant,10,4.367295829986475
variation,10,4.367295829986475
variational,4,5.155753190350744
variety,3,5.378896741664954
various,60,2.654317238611533
various downstream,2,5.666578814116735
various event,2,5.666578814116735
various scale,3,5.378896741664954
various scenario,2,5.666578814116735
various smart,2,5.666578814116735
various smart mobility,2,5.666578814116735
various spatial,3,5.378896741664954
various traffic,5,4.973431633556789
various traffic forecasting,2,5.666578814116735
various type,2,5.666578814116735
vary,6,4.819280953729532
varying,16,3.9319777587286286
varying road,2,5.666578814116735
varying traffic,3,5.378896741664954
vast,2,5.666578814116735
vector,5,4.973431633556789
vehicle,20,3.7206686650614214
vehicle device,2,5.666578814116735
vehicle speed,3,5.378896741664954
vehicular,4,5.155753190350744
verified,6,4.819280953729532
verify,8,4.567966525448625
versatile,3,5.378896741664954
version,2,5.666578814116735
versus,2,5.666578814116735
vertex,3,5.378896741664954
view,20,3.7206686650614214
viewed,2,5.666578814116735
virginia,4,5.155753190350744
virtual,3,5.378896741664954
visibility,2,5.666578814116735
visible,2,5.666578814116735
vision,2,5.666578814116735
visual,2,5.666578814116735
visualization,4,5.155753190350744
visualize,2,5.666578814116735
vital,14,4.057140901682635
vital role,3,5.378896741664954
volume,18,3.820752123618404
volume prediction,5,4.973431633556789
vulnerability,2,5.666578814116735
warping,2,5.666578814116735
wave,3,5.378896741664954
wavelet,4,5.155753190350744
wavenet,3,5.378896741664954
way,12,4.200241745323308
weak,2,5.666578814116735
weakness,2,5.666578814116735
weather,12,4.200241745323308
weather condition,3,5.378896741664954
web,4,5.155753190350744
week,2,5.666578814116735
weekday,3,5.378896741664954
weekend,2,5.666578814116735
weekly,6,4.819280953729532
weekly pattern,2,5.666578814116735
weight,17,3.87481934488868
weight sharing,2,5.666578814116735
weighted,5,4.973431633556789
wide,30,3.3312038982996985
wide multi,2,5.666578814116735
wide multi step,2,5.666578814116735
wide range,12,4.200241745323308
wide toll,2,5.666578814116735
wide toll station,2,5.666578814116735
wide traffic,5,4.973431633556789
wide traffic forecasting,2,5.666578814116735
wide traffic prediction,2,5.666578814116735
wide traffic state,2,5.666578814116735
widely,17,3.87481934488868
widely adopted,3,5.378896741664954
window,9,4.4626060097907985
wise,10,4.367295829986475
wise spatio,2,5.666578814116735
wise spatio temporal,2,5.666578814116735
word,2,5.666578814116735
work,68,2.531084598187585
work aim,2,5.666578814116735
work focus,2,5.666578814116735
work utilize,2,5.666578814116735
work zone,3,5.378896741664954
world application,4,5.155753190350744
world benchmark,3,5.378896741664954
world benchmark datasets,2,5.666578814116735
world data,5,4.973431633556789
world datasets,48,2.873370804674218
world datasets validate,2,5.666578814116735
world deployment,2,5.666578814116735
world large,2,5.666578814116735
world public,4,5.155753190350744
world public traffic,2,5.666578814116735
world road,3,5.378896741664954
world road network,3,5.378896741664954
world scenario,4,5.155753190350744
world setting,2,5.666578814116735
world traffic,58,2.687653658879125
world traffic data,6,4.819280953729532
world traffic datasets,35,3.1816721643287345
world traffic flow,2,5.666578814116735
world traffic forecasting,2,5.666578814116735
world traffic network,6,4.819280953729532
world traffic prediction,2,5.666578814116735
world urban,2,5.666578814116735
worse,3,5.378896741664954
worst,2,5.666578814116735
worth,2,5.666578814116735
xxltraffic,2,5.666578814116735
year,32,3.268683541318364
yield,5,4.973431633556789
yielding,4,5.155753190350744
york,3,5.378896741664954
york city,3,5.378896741664954
zero,8,4.567966525448625
zero shot,3,5.378896741664954
zero shot prediction,3,5.378896741664954
zone,5,4.973431633556789
