term,community,document_count,degree_centrality,strength,pagerank,betweenness,degree_centrality_rank,strength_rank,pagerank_rank,betweenness_rank
a3t gcn,7,2,0.009009009009009009,18,0.0005815870532577728,0.0016986737352098803,169,169,736,398
absence,4,1,0.0045045045045045045,9,0.0003760025064029048,0.0,841,841,951,841
absolute value,8,2,0.009009009009009009,18,0.0006679697478028785,0.0036681715673657625,169,169,191,155
accurate long term,8,2,0.008508508508508508,18,0.0005663559611417894,0.001016099608508422,756,169,814,711
accurate prediction,5,1,0.0045045045045045045,9,0.0003327814320645058,0.0,841,841,1721,841
accurate real,1,1,0.0045045045045045045,9,0.00031563441575925875,0.0,841,841,1969,841
accurate traffic forecast,1,1,0.0045045045045045045,9,0.0003237850543945733,0.0,841,841,1903,841
accurate traffic prediction,4,1,0.0045045045045045045,9,0.00034839911742995513,0.0,841,841,1272,841
accurately capture,1,2,0.009009009009009009,18,0.0005977990131891719,0.0008832315003374926,169,169,597,743
accurately forecasting,7,1,0.0045045045045045045,9,0.0003424534108746546,0.0,841,841,1431,841
accurately forecasting traffic,8,2,0.009009009009009009,18,0.0005859888192474939,0.0013814569631150657,169,169,689,556
accurately predict traffic,1,1,0.0045045045045045045,9,0.0003166787609407868,0.0,841,841,1966,841
achieving,6,1,0.0045045045045045045,9,0.00034713581040131565,0.0,841,841,1302,841
achieving accurate traffic,10,2,0.009009009009009009,18,0.0006414077150107194,0.0023488265413999887,169,169,233,230
achieving promising,5,1,0.0045045045045045045,9,0.0003423877031430416,0.0,841,841,1439,841
acquiring,2,2,0.009009009009009009,18,0.0005841579881392917,0.0015283098123082554,169,169,707,480
action,5,1,0.0045045045045045045,9,0.00034241857671728286,0.0,841,841,1435,841
activation unit,3,2,0.008508508508508508,18,0.0006403697152468365,0.0009530114889963953,756,169,235,728
active,1,1,0.0045045045045045045,9,0.00031563441575925875,0.0,841,841,1969,841
actual traffic,3,2,0.009009009009009009,18,0.0006155758854726014,0.0019258480954548855,169,169,375,323
adaptability,2,1,0.0045045045045045045,9,0.0003245807656754812,0.0,841,841,1891,841
adaptable,4,1,0.0045045045045045045,9,0.00040991929184061896,0.0,841,841,850,841
adaptation,7,3,0.013513513513513514,27,0.0009459255609475209,0.00461214330183856,86,86,87,123
adaptive adjacency,1,1,0.0045045045045045045,9,0.0003335395508600292,0.0,841,841,1693,841
adaptive graph,1,1,0.0045045045045045045,9,0.00032848382138978287,0.0,841,841,1810,841
adaptive graph convolution,7,2,0.009009009009009009,18,0.0006267943192053363,0.0029944722521725057,169,169,295,179
adaptive graph convolutional,1,1,0.0045045045045045045,9,0.0003121025267466123,0.0,841,841,1986,841
adaptive spatiotemporal,4,2,0.009009009009009009,18,0.0006111975947822989,0.002168732103615649,169,169,425,262
adaptive traffic,5,1,0.0045045045045045045,9,0.0003361358815671542,0.0,841,841,1621,841
adaptive traffic prediction,2,2,0.009009009009009009,18,0.0006017193259567732,0.0011479560898515647,169,169,539,665
adaptive traffic signal,2,2,0.009009009009009009,18,0.0006158744411390497,0.002343806396045933,169,169,372,232
additional,4,1,0.0045045045045045045,9,0.00035016297210492526,0.0,841,841,1239,841
additional feature,2,1,0.0045045045045045045,9,0.0003510456623448017,0.0,841,841,1192,841
addressed,4,2,0.009009009009009009,18,0.0006014636919497222,0.0022287800906625505,169,169,543,253
adjacency,1,1,0.0045045045045045045,9,0.0003501754748964412,0.0,841,841,1234,841
adjacency matrix,1,6,0.02702702702702703,54,0.0016052799361539766,0.01692758128743265,13,13,15,22
adjacency relation,1,2,0.009009009009009009,18,0.0006003639655084742,0.0019897721326712398,169,169,560,306
adjacent,6,1,0.0045045045045045045,9,0.00035785920938160003,0.0,841,841,1093,841
adjacent node,10,2,0.009009009009009009,18,0.0006072759174460199,0.0009586401035502313,169,169,476,727
adjacent time step,4,1,0.0045045045045045045,9,0.0003441775753769005,0.0,841,841,1394,841
adjustment,1,1,0.0045045045045045045,9,0.00036799745615161876,0.0,841,841,987,841
adopting,1,1,0.0045045045045045045,9,0.0003339099342232287,0.0,841,841,1684,841
advance,1,3,0.013513513513513514,27,0.0008218562245012815,0.005471032878205752,86,86,162,98
advanced traffic,8,1,0.0045045045045045045,9,0.000350468687371838,0.0,841,841,1219,841
advanced traffic management,7,2,0.009009009009009009,18,0.0006011500223317175,0.002074611355206822,169,169,548,294
advancement thanks,2,2,0.009009009009009009,18,0.0005998374832474328,0.0011153407222640045,169,169,568,677
advancing traffic,9,2,0.009009009009009009,18,0.0006142819232631672,0.0014442433908997154,169,169,391,528
adversarial,4,2,0.009009009009009009,18,0.0006002904028939563,0.0012902670242080272,169,169,562,604
adversarial attack,7,3,0.013513513513513514,27,0.0008794213416928753,0.004746445524487923,86,86,108,119
adversarial robustness,7,2,0.008008008008008008,18,0.0006090386600051997,0.0004290177185903796,809,169,448,818
adversarial training,7,3,0.011511511511511512,27,0.0008852870056448816,0.0019241295267882015,166,86,101,325
adversary,7,1,0.0045045045045045045,9,0.0003554241656578997,0.0,841,841,1119,841
adverse weather,2,2,0.009009009009009009,18,0.0006266433559006848,0.0017963024970699664,169,169,296,360
affecting,1,1,0.0045045045045045045,9,0.00034146057397903913,0.0,841,841,1483,841
afternoon peak,1,2,0.009009009009009009,18,0.0006172677115228197,0.001521544420890857,169,169,357,487
afterward,3,1,0.0045045045045045045,9,0.0003236534372245937,0.0,841,841,1906,841
agency,10,1,0.0045045045045045045,9,0.00034671997057992475,0.0,841,841,1310,841
agent,5,1,0.0045045045045045045,9,0.00034241857671728286,0.0,841,841,1435,841
aggregate information,1,2,0.009009009009009009,18,0.0005822232628114762,0.0014922377525565611,169,169,727,500
aggregated data,7,2,0.009009009009009009,18,0.0006189453148946258,0.0015476750874378372,169,169,348,467
aggregation,6,3,0.012512512512512512,27,0.0008306388614205163,0.004825934938700408,154,86,156,116
aggregation mechanism,4,2,0.009009009009009009,18,0.000577201354691674,0.0027502277091659565,169,169,771,194
agnostic,2,1,0.0045045045045045045,9,0.0003279240386994445,0.0,841,841,1817,841
ahead prediction,4,2,0.009009009009009009,18,0.0006115160657145061,0.0015755800506563839,169,169,421,457
ai,3,2,0.009009009009009009,18,0.0006122042862167914,0.0008985813588037807,169,169,413,739
aimed,8,2,0.009009009009009009,18,0.0005962635951166792,0.0010568185671139868,169,169,612,697
algorithm,7,3,0.013513513513513514,27,0.000865520337059335,0.004475735988624647,86,86,122,126
aligning,1,1,0.0045045045045045045,9,0.00036638525606934167,0.0,841,841,1009,841
alleviating traffic,7,1,0.0045045045045045045,9,0.0003946477528084617,0.0,841,841,887,841
allows,7,1,0.0045045045045045045,9,0.00034591226138424306,0.0,841,841,1336,841
alternative,6,1,0.0045045045045045045,9,0.00036322060905760256,0.0,841,841,1061,841
amplifies,1,1,0.0045045045045045045,9,0.00033885962944470296,0.0,841,841,1555,841
analysis,9,1,0.0045045045045045045,9,0.00036633259867370076,0.0,841,841,1015,841
analysis reveals,8,1,0.0045045045045045045,9,0.00032527256122662305,0.0,841,841,1868,841
analytics,3,2,0.009009009009009009,18,0.0006057111665601447,0.0016154161969219219,169,169,486,440
analyzing,7,1,0.0045045045045045045,9,0.0003478505421894477,0.0,841,841,1289,841
anomalous,10,1,0.0045045045045045045,9,0.0003686494656052121,0.0,841,841,981,841
anomaly,10,1,0.0045045045045045045,9,0.0003686494656052121,0.0,841,841,981,841
applied,3,1,0.0045045045045045045,9,0.00036398076735259154,0.0,841,841,1032,841
appropriate,4,1,0.0045045045045045045,9,0.0003477262307861872,0.0,841,841,1293,841
approximation,5,1,0.0045045045045045045,9,0.00034042651967094566,0.0,841,841,1506,841
architecture called,4,2,0.009009009009009009,18,0.0005804152743259073,0.0024622305330607415,169,169,750,219
architecture search,9,1,0.0045045045045045045,9,0.00036071267338384316,0.0,841,841,1072,841
archived traffic,5,2,0.009009009009009009,18,0.0006116177685375818,0.0021080926614030055,169,169,419,283
area,8,2,0.009009009009009009,18,0.0006143780864193973,0.0012709175138777722,169,169,390,612
arrival time,7,2,0.009009009009009009,18,0.0006083100904853578,0.0024938142614761966,169,169,461,216
art prediction,5,2,0.009009009009009009,18,0.0006229203661534226,0.001024144200841249,169,169,320,708
art traffic,9,1,0.0045045045045045045,9,0.000356904273183003,0.0,841,841,1109,841
art traffic prediction,3,2,0.009009009009009009,18,0.0005823545841973257,0.0014880030095893468,169,169,725,502
artificial intelligence,7,2,0.009009009009009009,18,0.0006739361240499986,0.002958933318207106,169,169,184,182
assessment,2,2,0.009009009009009009,18,0.0005753009744901354,0.0021836594133496736,169,169,782,260
assumption,1,1,0.0045045045045045045,9,0.00036799745615161876,0.0,841,841,987,841
asymmetric,9,2,0.009009009009009009,18,0.0006621340297768444,0.0029583419228207263,169,169,198,183
asynchronous,2,1,0.0045045045045045045,9,0.0003393291223266021,0.0,841,841,1534,841
asynchronous graph,6,1,0.0045045045045045045,9,0.00034713581040131565,0.0,841,841,1302,841
asynchronously,6,1,0.0045045045045045045,9,0.00034713581040131565,0.0,841,841,1302,841
attack,7,2,0.008508508508508508,18,0.0006207111651286813,0.0003084497759865481,756,169,338,827
attains superior,1,1,0.0045045045045045045,9,0.0003048012154541856,0.0,841,841,1998,841
attention graph,5,2,0.009009009009009009,18,0.000613267780900871,0.0019503266220621926,169,169,399,316
attention graph convolutional,6,2,0.009009009009009009,18,0.0006328223053613652,0.0007894439081301686,169,169,259,774
attention layer,6,1,0.0045045045045045045,9,0.0003363712591963444,0.0,841,841,1614,841
attention lstm,3,2,0.009009009009009009,18,0.0006381090553059588,0.001729888485341821,169,169,243,382
attention map,5,1,0.0045045045045045045,9,0.00034042651967094566,0.0,841,841,1506,841
attention matrix,2,2,0.009009009009009009,18,0.00061825851567218,0.001931708475342964,169,169,352,322
attention mechanism,8,2,0.009009009009009009,18,0.0006064559628873822,0.001815461320586007,169,169,483,353
attention module,1,1,0.0045045045045045045,9,0.00036021459591885027,0.0,841,841,1077,841
attention network,6,3,0.013513513513513514,27,0.000864576995016412,0.005026465260992441,86,86,123,112
attention score matrix,3,1,0.0045045045045045045,9,0.00033612676823406275,0.0,841,841,1626,841
attention weight,4,1,0.0045045045045045045,9,0.0003354021917193483,0.0,841,841,1650,841
attentive,1,3,0.013513513513513514,27,0.0008435391294208421,0.0026381057253381753,86,86,148,202
attribute,6,1,0.0045045045045045045,9,0.00034823567538415346,0.0,841,841,1281,841
augmentation,7,1,0.0045045045045045045,9,0.00034608641402713816,0.0,841,841,1327,841
augmented,6,2,0.009009009009009009,18,0.0006300867314595336,0.0011191000240519465,169,169,280,674
augmented spatio,5,1,0.0045045045045045045,9,0.00034303526528471704,0.0,841,841,1418,841
auto,3,2,0.009009009009009009,18,0.0006715594802216141,0.0034208726566827626,169,169,185,165
autocorrelated error,1,2,0.009009009009009009,18,0.0006448564613578131,0.0019323240668068663,169,169,225,321
autoencoders,2,2,0.009009009009009009,18,0.0006071522843562103,0.0011552241757028432,169,169,479,663
automated,3,1,0.0045045045045045045,9,0.0004034808954803171,0.0,841,841,873,841
automatic lstm,5,2,0.0065065065065065065,18,0.0005812562957625391,4.587836207252372e-05,836,169,740,836
automatically learns,2,1,0.0045045045045045045,9,0.0003324094419442691,0.0,841,841,1739,841
autoregressive,2,1,0.0045045045045045045,9,0.0003393291223266021,0.0,841,841,1534,841
available data,5,1,0.0045045045045045045,9,0.000344356305932826,0.0,841,841,1384,841
available sensor,5,2,0.009009009009009009,18,0.0006770564189712852,0.001843493227212677,169,169,182,343
average mae,1,1,0.0045045045045045045,9,0.0003121025267466123,0.0,841,841,1986,841
averaging,7,1,0.0045045045045045045,9,0.00036639350502630107,0.0,841,841,1004,841
avoid,3,1,0.0045045045045045045,9,0.0003236534372245937,0.0,841,841,1906,841
aware,1,1,0.0045045045045045045,9,0.0003109734333406502,0.0,841,841,1991,841
aware spatio,1,4,0.018018018018018018,36,0.001113067699895972,0.008121825146477532,43,43,68,62
aware traffic forecasting,2,2,0.009009009009009009,18,0.0006165486200744427,0.0013490095094778004,169,169,363,577
awareness,1,2,0.009009009009009009,18,0.0005538327225158997,0.0008089752743917761,169,169,836,771
backtracking,6,1,0.0045045045045045045,9,0.0003468650539167271,0.0,841,841,1308,841
backward,1,1,0.0045045045045045045,9,0.00031804234567673446,0.0,841,841,1955,841
balanced,4,1,0.0045045045045045045,9,0.00034371156838465587,0.0,841,841,1406,841
balancing computational,1,2,0.009009009009009009,18,0.0005734639149279802,0.001039674206798841,169,169,794,704
bank,2,1,0.0045045045045045045,9,0.0003484152509775064,0.0,841,841,1268,841
base,2,2,0.009009009009009009,18,0.0006304647457849808,0.0018374631407978353,169,169,275,344
basic,6,1,0.0045045045045045045,9,0.0003569527144025537,0.0,841,841,1104,841
basis,2,1,0.0045045045045045045,9,0.00036661747478862233,0.0,841,841,998,841
batch learning,6,2,0.009009009009009009,18,0.0005701450390900258,0.0013422141962801367,169,169,802,582
bayesian,1,3,0.012012012012012012,27,0.0007978379810853067,0.005493894239283019,160,86,168,97
behavior,8,1,0.0045045045045045045,9,0.0003520727891713391,0.0,841,841,1175,841
benchmark dataset,2,2,0.009009009009009009,18,0.0005831985498777576,0.0015262900818782679,169,169,715,481
benchmark traffic,8,1,0.0045045045045045045,9,0.0003324549096956954,0.0,841,841,1735,841
benchmark traffic datasets,6,2,0.009009009009009009,18,0.0005580599399349383,0.0011820210964441466,169,169,830,648
beneficial,1,1,0.0045045045045045045,9,0.00032336024089185027,0.0,841,841,1912,841
best performing,3,2,0.009009009009009009,18,0.0006091074318681892,0.0012328146002534796,169,169,446,629
better capture,1,2,0.009009009009009009,18,0.0006017534791518252,0.0007649175412832935,169,169,538,779
better reflects,7,2,0.009009009009009009,18,0.0006148223422332428,0.0018470685811520378,169,169,384,339
bi lstm,4,2,0.009009009009009009,18,0.0006105661775147828,0.0012938126224586836,169,169,432,603
bias,5,1,0.0045045045045045045,9,0.00034938414989563367,0.0,841,841,1258,841
bidirectional,5,1,0.0045045045045045045,9,0.0003274280537955403,0.0,841,841,1829,841
big city,3,2,0.009009009009009009,18,0.0005966658616233424,0.0013047228441912626,169,169,607,600
black box,7,1,0.0045045045045045045,9,0.0003554241656578997,0.0,841,841,1119,841
block,6,1,0.0045045045045045045,9,0.0003509386197085235,0.0,841,841,1197,841
bounded,7,1,0.0045045045045045045,9,0.00034446281948899947,0.0,841,841,1380,841
branch,4,3,0.013513513513513514,27,0.0008699968481894573,0.004756127795141775,86,86,119,118
broader,3,1,0.0045045045045045045,9,0.0003419543325514404,0.0,841,841,1462,841
building,1,1,0.0045045045045045045,9,0.00033604073769548956,0.0,841,841,1629,841
business,9,1,0.0045045045045045045,9,0.00044041495779824336,0.0,841,841,841,841
calibrated,8,2,0.009009009009009009,18,0.000607453575496158,0.002392166083443822,169,169,472,223
california highway,6,1,0.0045045045045045045,9,0.00033524156084571217,0.0,841,841,1654,841
california traffic,4,2,0.009009009009009009,18,0.0006234659466184374,0.0013291969880628932,169,169,316,588
called multi,1,1,0.0045045045045045045,9,0.0003150822653007481,0.0,841,841,1973,841
called spatial temporal,1,2,0.009009009009009009,18,0.0006083668460794521,0.0010602608943119521,169,169,460,695
called spatio,1,2,0.009009009009009009,18,0.0006234130423212024,0.00393471309194676,169,169,317,144
canonical,6,1,0.0045045045045045045,9,0.00033339403237273436,0.0,841,841,1697,841
capture dynamic,1,1,0.0045045045045045045,9,0.00034146057397903913,0.0,841,841,1483,841
capture fine,3,2,0.009009009009009009,18,0.0006080329027741912,0.0014794052355507502,169,169,465,509
capture historical,7,2,0.009009009009009009,18,0.0006152023364216206,0.002628169392258317,169,169,379,204
capture long term,1,1,0.0045045045045045045,9,0.0003359781768668439,0.0,841,841,1633,841
capture multiple,4,1,0.0045045045045045045,9,0.0003346344537538492,0.0,841,841,1674,841
capture node,4,1,0.0045045045045045045,9,0.0003477262307861872,0.0,841,841,1293,841
capture spatial,1,1,0.0045045045045045045,9,0.00031700977228899896,0.0,841,841,1964,841
capture spatial correlation,1,2,0.009009009009009009,18,0.0005782915078492826,0.001575618995928352,169,169,766,456
capture spatial dependency,6,1,0.0045045045045045045,9,0.0003504132270232911,0.0,841,841,1224,841
capture spatial relationship,4,1,0.0045045045045045045,9,0.0003375542929021625,0.0,841,841,1590,841
capture temporal dependence,6,1,0.0045045045045045045,9,0.00035785920938160003,0.0,841,841,1093,841
capture temporal dependency,1,2,0.009009009009009009,18,0.0005896443094353892,0.0013039943847141372,169,169,656,601
capture traffic,4,1,0.0045045045045045045,9,0.0003450342067334875,0.0,841,841,1362,841
capturing complex,2,1,0.0045045045045045045,9,0.0003858048077598836,0.0,841,841,920,841
capturing different,4,2,0.009009009009009009,18,0.0005853216051712508,0.0013865990158284612,169,169,697,555
capturing dynamic,2,1,0.0045045045045045045,9,0.000338993848286096,0.0,841,841,1547,841
capturing long range,1,2,0.009009009009009009,18,0.0006021383750680585,0.0011634365399056058,169,169,529,657
capturing long term,1,2,0.009009009009009009,18,0.0005828642107028419,0.0011707389073863717,169,169,719,654
capturing non,2,2,0.009009009009009009,18,0.0006166092823686528,0.001390683927231382,169,169,362,552
capturing spatial temporal,1,2,0.009009009009009009,18,0.0005770077129543617,0.0016767373798992266,169,169,774,407
capturing spatio,2,2,0.009009009009009009,18,0.0006282280893512104,0.0016345327092481493,169,169,288,430
car,3,1,0.0045045045045045045,9,0.00033877303972076547,0.0,841,841,1559,841
carefully,3,1,0.0045045045045045045,9,0.00032427542865284007,0.0,841,841,1898,841
carlo dropout,9,1,0.0045045045045045045,9,0.00038268491253830577,0.0,841,841,941,841
carried,9,1,0.0045045045045045045,9,0.00044041495779824336,0.0,841,841,841,841
cascaded,1,1,0.0045045045045045045,9,0.00033087326658329323,0.0,841,841,1771,841
case,8,1,0.0045045045045045045,9,0.0003324715699954703,0.0,841,841,1731,841
cast,1,2,0.009009009009009009,18,0.0005801251407933866,0.001499971940793242,169,169,754,496
categorical,5,1,0.0045045045045045045,9,0.00034132556977344795,0.0,841,841,1490,841
causal,4,3,0.013513513513513514,27,0.0008579621145480361,0.0042409337711903005,86,86,129,134
causal relationship,8,1,0.0045045045045045045,9,0.0003912439525563985,0.0,841,841,901,841
causal spatio,8,1,0.0045045045045045045,9,0.0003532798936527338,0.0,841,841,1155,841
causality,8,1,0.0045045045045045045,9,0.0003532798936527338,0.0,841,841,1155,841
causality test,3,1,0.0045045045045045045,9,0.0003325494446126156,0.0,841,841,1729,841
cause,1,1,0.0045045045045045045,9,0.0003426117088728549,0.0,841,841,1427,841
caveat,1,1,0.0045045045045045045,9,0.00035125426368814793,0.0,841,841,1187,841
cell,3,2,0.009009009009009009,18,0.0005801828841578278,0.0009759248470771462,169,169,753,722
central server,6,2,0.0075075075075075074,18,0.0005432981638638288,0.0002492917772360026,823,169,838,832
centralized,8,2,0.009009009009009009,18,0.0005570080517215202,0.0015591837646028795,169,169,832,461
challenge arises,1,1,0.0045045045045045045,9,0.0003340279232063302,0.0,841,841,1680,841
challenge related,2,2,0.009009009009009009,18,0.0005862775686991228,0.0013731534192878093,169,169,687,567
challenge remain,5,1,0.0045045045045045045,9,0.00034303526528471704,0.0,841,841,1418,841
challenge stem,2,2,0.009009009009009009,18,0.0005836967004602414,0.0017743808512817065,169,169,710,367
challenging problem,9,1,0.0045045045045045045,9,0.00040532761256917575,0.0,841,841,858,841
challenging spatio,1,1,0.0045045045045045045,9,0.0003543706248206399,0.0,841,841,1141,841
change,5,1,0.0045045045045045045,9,0.00034172868681294204,0.0,841,841,1475,841
changing,1,2,0.009009009009009009,18,0.0005972286550510869,0.0015256739739579086,169,169,602,482
channel,1,3,0.013513513513513514,27,0.0009140537556104904,0.003852405096401506,86,86,89,147
chaos,2,1,0.0045045045045045045,9,0.00034276270811725785,0.0,841,841,1424,841
chaos aware,2,1,0.0045045045045045045,9,0.00032383455377331535,0.0,841,841,1901,841
chaotic nature,2,1,0.0045045045045045045,9,0.00032383455377331535,0.0,841,841,1901,841
characteristic,1,2,0.009009009009009009,18,0.000599117669523903,0.0013756108542828881,169,169,576,564
chinese provincial,8,2,0.0075075075075075074,18,0.0006327633836710038,0.00045992203872212786,823,169,260,811
choice,3,1,0.0045045045045045045,9,0.00034633552741447534,0.0,841,841,1323,841
chosen,6,1,0.0045045045045045045,9,0.00035785920938160003,0.0,841,841,1093,841
circumstance,1,1,0.0045045045045045045,9,0.00033885962944470296,0.0,841,841,1555,841
citizen,8,2,0.009009009009009009,18,0.0006683820295575844,0.0018689225214968998,169,169,188,333
city highway,8,2,0.0075075075075075074,18,0.0006327633836710038,0.00045992203872212786,823,169,260,811
city initiative,4,2,0.009009009009009009,18,0.0006308843599352322,0.0012382073196899074,169,169,271,627
city knowledge,2,2,0.0075075075075075074,18,0.0005980350909426625,0.0003745447313983545,823,169,590,823
city lacking,5,2,0.009009009009009009,18,0.0006172196430938948,0.0013234818136862625,169,169,358,591
city management,1,2,0.009009009009009009,18,0.0005771528421696354,0.0011159452053025253,169,169,773,676
city traffic,5,1,0.0045045045045045045,9,0.0003745983971676637,0.0,841,841,963,841
citywide traffic,3,2,0.009009009009009009,18,0.0005896197632568796,0.0014301353813479807,169,169,657,537
ckt,2,2,0.0075075075075075074,18,0.0005980350909426625,0.0003745447313983545,823,169,590,823
class,3,1,0.0045045045045045045,9,0.00033334635204052134,0.0,841,841,1701,841
classical machine,1,2,0.009009009009009009,18,0.0005965625214385286,0.001138000699774216,169,169,608,671
clearly,1,1,0.0045045045045045045,9,0.0003553330210296027,0.0,841,841,1124,841
client,6,4,0.015515515515515516,36,0.0010681344804141075,0.004353464220415183,84,43,81,129
close,7,1,0.0045045045045045045,9,0.00033739103753064605,0.0,841,841,1601,841
cloudlets,8,2,0.008008008008008008,18,0.0005666678531241133,0.0008530592800902045,809,169,812,752
cluster,4,2,0.009009009009009009,18,0.0006214039759486273,0.0007209116909450264,169,169,329,784
clustering,5,2,0.009009009009009009,18,0.0006001914526210775,0.0015803609270441733,169,169,563,453
cnn,8,2,0.009009009009009009,18,0.0006214628891308152,0.002191629341233557,169,169,328,259
cnns,3,1,0.0045045045045045045,9,0.0003514787311112315,0.0,841,841,1183,841
coarse grained,7,1,0.0045045045045045045,9,0.0003440730578244192,0.0,841,841,1398,841
code,4,1,0.0045045045045045045,9,0.0003760025064029048,0.0,841,841,951,841
coefficient,1,1,0.0045045045045045045,9,0.00036799745615161876,0.0,841,841,987,841
collaborative training,6,2,0.009009009009009009,18,0.0005761619221264371,0.0009049364466433842,169,169,777,738
collect traffic,5,2,0.009009009009009009,18,0.0005843192366839102,0.0009754629519803001,169,169,706,723
collecting,2,1,0.0045045045045045045,9,0.0003417784365211632,0.0,841,841,1470,841
combined,1,1,0.0045045045045045045,9,0.00032490061015804354,0.0,841,841,1876,841
combining graph,2,1,0.0045045045045045045,9,0.0003436913091818447,0.0,841,841,1410,841
common,4,1,0.0045045045045045045,9,0.0003395006536945685,0.0,841,841,1528,841
communication cost,6,2,0.009009009009009009,18,0.0005941436961518173,0.0007730769297448095,169,169,629,777
communication overhead,6,1,0.0045045045045045045,9,0.0003351413155344436,0.0,841,841,1658,841
comparative,6,1,0.0045045045045045045,9,0.0003569527144025537,0.0,841,841,1104,841
comparative analysis,8,2,0.009009009009009009,18,0.0005963773362334177,0.0036839541186609553,169,169,610,154
compare,3,1,0.0045045045045045045,9,0.00036494733335843,0.0,841,841,1026,841
comparison,1,1,0.0045045045045045045,9,0.0003237850543945733,0.0,841,841,1903,841
compensate,4,2,0.009009009009009009,18,0.0005861599758331825,0.0014995372449132837,169,169,688,497
competing baseline,2,1,0.0045045045045045045,9,0.00035252938527283417,0.0,841,841,1170,841
competition,3,4,0.017017017017017015,36,0.00113223043182575,0.00554106642881446,74,43,60,95
competitive baseline,1,1,0.0045045045045045045,9,0.00031736377703416534,0.0,841,841,1959,841
competitive forecasting,1,2,0.009009009009009009,18,0.0005787250096838363,0.001017253824893514,169,169,762,710
complementary,8,1,0.0045045045045045045,9,0.0003389773961398035,0.0,841,841,1552,841
complex design,1,2,0.009009009009009009,18,0.0005814297484173213,0.0008639705471486359,169,169,739,749
complex dynamic,8,1,0.0045045045045045045,9,0.0003324549096956954,0.0,841,841,1735,841
complex dynamic pattern,2,1,0.0045045045045045045,9,0.0003858048077598836,0.0,841,841,920,841
complex graph,2,2,0.009009009009009009,18,0.0005751372475095093,0.0006728671284091931,169,169,783,790
complex multi,3,2,0.009009009009009009,18,0.0006271444138825599,0.001520646895421863,169,169,293,488
complex nonlinear,1,1,0.0045045045045045045,9,0.0003288764902443816,0.0,841,841,1806,841
complex pattern,1,1,0.0045045045045045045,9,0.0003288550761206969,0.0,841,841,1808,841
complex road,9,2,0.009009009009009009,18,0.0006780960554856816,0.004348809138903837,169,169,181,130
complex spatial dependency,1,1,0.0045045045045045045,9,0.00031335699406809296,0.0,841,841,1978,841
complex spatial temporal,1,3,0.012512512512512512,27,0.0008199653620324904,0.0028702393254242307,154,86,164,189
complex spatio,1,2,0.009009009009009009,18,0.0005857734406150146,0.0010572260364489325,169,169,692,696
complex spatiotemporal dependency,6,2,0.009009009009009009,18,0.0006463436167538103,0.0016275765911148428,169,169,220,434
complex spatiotemporal relationship,5,2,0.009009009009009009,18,0.0005749008032321372,0.0014725696913758407,169,169,785,512
complex traffic,6,1,0.0045045045045045045,9,0.0003337380442727282,0.0,841,841,1690,841
complex traffic network,2,1,0.0045045045045045045,9,0.00035252938527283417,0.0,841,841,1170,841
complex urban,3,2,0.009009009009009009,18,0.0005858982153539036,0.0013426290689309089,169,169,691,581
complexity,1,1,0.0045045045045045045,9,0.00033626961626574236,0.0,841,841,1617,841
complicated spatial,1,1,0.0045045045045045045,9,0.0003316351441010876,0.0,841,841,1762,841
complicated spatial dependency,1,2,0.009009009009009009,18,0.0006007505396862238,0.0012570216078692477,169,169,554,619
complicated spatio,2,2,0.009009009009009009,18,0.0006372471079776572,0.0016944084441408533,169,169,245,399
component,3,1,0.0045045045045045045,9,0.0003438666696948735,0.0,841,841,1402,841
component analysis,8,2,0.008508508508508508,18,0.0005868981429648363,0.0005272678253812771,756,169,678,805
composed,1,1,0.0045045045045045045,9,0.00032484666732510685,0.0,841,841,1882,841
comprehensiveness,5,1,0.0045045045045045045,9,0.0003422789709431048,0.0,841,841,1443,841
compressed,3,1,0.0045045045045045045,9,0.0003508174822844841,0.0,841,841,1202,841
compromise,7,2,0.009009009009009009,18,0.0006265637762942916,0.0012901745672617457,169,169,297,605
compromising,8,1,0.0045045045045045045,9,0.00032756455156528446,0.0,841,841,1824,841
computation cost,3,2,0.008508508508508508,18,0.0005989579359715563,0.0010093647255138972,756,169,579,714
computational,1,2,0.009009009009009009,18,0.0005930902230713988,0.0015238034550803018,169,169,639,484
computational burden,2,2,0.009009009009009009,18,0.0005834183918057923,0.0018888157817152946,169,169,712,330
computational complexity,1,1,0.0045045045045045045,9,0.0003391726983190417,0.0,841,841,1540,841
computational demand,9,1,0.0045045045045045045,9,0.00044041495779824336,0.0,841,841,841,841
computational efficiency,7,1,0.0045045045045045045,9,0.0003624838791984727,0.0,841,841,1067,841
computational requirement,6,2,0.009009009009009009,18,0.0006295122591619284,0.0010891384467056442,169,169,282,687
computational scalability,9,2,0.009009009009009009,18,0.0006358620708205881,0.0016196364720870464,169,169,250,438
computer,1,1,0.0045045045045045045,9,0.00032848382138978287,0.0,841,841,1810,841
concise,1,1,0.0045045045045045045,9,0.00033087326658329323,0.0,841,841,1771,841
conclude,3,1,0.0045045045045045045,9,0.00036398076735259154,0.0,841,841,1032,841
condition forecasting,2,2,0.009009009009009009,18,0.0005956087712582439,0.0018324374756698947,169,169,617,348
conditioned,8,1,0.0045045045045045045,9,0.0003633446691656357,0.0,841,841,1049,841
conducive,5,1,0.0045045045045045045,9,0.00034042651967094566,0.0,841,841,1506,841
conducting extensive,9,2,0.009009009009009009,18,0.0006312690053681493,0.001712531697186467,169,169,268,394
confidence,1,1,0.0045045045045045045,9,0.00035125426368814793,0.0,841,841,1187,841
confidence interval,1,1,0.0045045045045045045,9,0.0003543706248206399,0.0,841,841,1141,841
confirming,5,1,0.0045045045045045045,9,0.0003407989854656965,0.0,841,841,1496,841
confirms,4,1,0.0045045045045045045,9,0.0003354021917193483,0.0,841,841,1650,841
conformal prediction,6,2,0.009009009009009009,18,0.0005896162899042465,0.001962434305374971,169,169,658,312
confounders,2,1,0.0045045045045045045,9,0.00036661747478862233,0.0,841,841,998,841
congested,5,1,0.0045045045045045045,9,0.0003327814320645058,0.0,841,841,1721,841
congested state,3,2,0.009009009009009009,18,0.0006083744367391271,0.00227642226159464,169,169,458,246
congestion pattern,5,2,0.009009009009009009,18,0.0006039575115373881,0.0011779963369812764,169,169,505,651
congestion pricing,10,2,0.008508508508508508,18,0.0006164714091864539,0.000881169555818668,756,169,364,744
congestion scenario,3,2,0.009009009009009009,18,0.0006073997587903643,0.002152709147492587,169,169,474,267
congestion state,5,2,0.009009009009009009,18,0.000595015050706454,0.0015671154774055663,169,169,626,460
connected vehicle,8,2,0.008508508508508508,18,0.0006213677110173909,0.0010541190160626376,756,169,330,700
connection,3,1,0.0045045045045045045,9,0.000343525266927676,0.0,841,841,1414,841
consensus,7,1,0.0045045045045045045,9,0.0003839510610379625,0.0,841,841,927,841
consider short,2,1,0.0045045045045045045,9,0.0003436913091818447,0.0,841,841,1410,841
consider temporal,1,1,0.0045045045045045045,9,0.0003359781768668439,0.0,841,841,1633,841
considerable attention,3,2,0.009009009009009009,18,0.0005793666949295229,0.0007853992917725177,169,169,760,775
consistently outperforms state,7,2,0.009009009009009009,18,0.0006340182886790381,0.0016881109988660765,169,169,255,402
consisting,3,1,0.0045045045045045045,9,0.00032471795951124214,0.0,841,841,1887,841
constant,7,1,0.0045045045045045045,9,0.0003440730578244192,0.0,841,841,1398,841
construct,3,2,0.009009009009009009,18,0.0006208057388335439,0.001411100387627621,169,169,336,544
constructed,2,1,0.0045045045045045045,9,0.00032584425592081107,0.0,841,841,1858,841
construction work,1,2,0.0075075075075075074,18,0.0006131263984140406,0.0005380407438116424,823,169,402,802
content,2,1,0.0045045045045045045,9,0.00033945298269491233,0.0,841,841,1530,841
context,3,1,0.0045045045045045045,9,0.0003328726109547743,0.0,841,841,1717,841
context aware,4,2,0.009009009009009009,18,0.000580944148086558,0.001494607526292003,169,169,745,498
contextual,7,1,0.0045045045045045045,9,0.00034608641402713816,0.0,841,841,1327,841
contextual information,9,1,0.0045045045045045045,9,0.00035352384199219093,0.0,841,841,1150,841
continual,7,1,0.0045045045045045045,9,0.0003482946346312535,0.0,841,841,1277,841
continual learning,7,2,0.009009009009009009,18,0.0005985395405143218,0.001532399721894022,169,169,585,473
continuous,7,3,0.013013013013013013,27,0.0008508849441778395,0.005843611515042297,141,86,140,92
continuous expansion,9,2,0.009009009009009009,18,0.0006132581641446121,0.002227779561596844,169,169,400,254
continuous time,1,1,0.0045045045045045045,9,0.0003150822653007481,0.0,841,841,1973,841
continuously evolving,7,2,0.009009009009009009,18,0.0006002905208188376,0.002573831157887078,169,169,561,209
contrastive learning,7,1,0.0045045045045045045,9,0.00034608641402713816,0.0,841,841,1327,841
contrastive loss,3,2,0.009009009009009009,18,0.0006210495100069033,0.0008331432983979508,169,169,335,759
contrastive pre,2,2,0.008008008008008008,18,0.000608384842256351,0.0007087067579967354,809,169,457,786
conv lstm,4,1,0.0045045045045045045,9,0.0003477128116796051,0.0,841,841,1298,841
conventional traffic,4,1,0.0045045045045045045,9,0.00035016297210492526,0.0,841,841,1239,841
convergence,5,1,0.0045045045045045045,9,0.0003407989854656965,0.0,841,841,1496,841
convolution,2,1,0.0045045045045045045,9,0.0003384058839454412,0.0,841,841,1563,841
convolution block,8,1,0.0045045045045045045,9,0.0003991391797309621,0.0,841,841,880,841
convolution gated,2,1,0.0045045045045045045,9,0.00033911862052144956,0.0,841,841,1544,841
convolution layer,7,2,0.009009009009009009,18,0.0006355312162159279,0.002051843805003775,169,169,251,298
convolution network,3,2,0.009009009009009009,18,0.0005674369332845302,0.0014223162621581614,169,169,809,542
convolution neural,9,2,0.009009009009009009,18,0.0006167826237229885,0.0015996508615895666,169,169,360,446
convolution recurrent,1,2,0.009009009009009009,18,0.00058762029966013,0.0011120215437647467,169,169,673,679
convolutional gated,1,2,0.008508508508508508,18,0.0005633761774759801,0.0008161085478996365,756,169,821,766
convolutional long,4,1,0.0045045045045045045,9,0.0003477128116796051,0.0,841,841,1298,841
convolutional network,3,4,0.017517517517517518,36,0.0011056186906356611,0.006937168253462476,66,43,72,77
convolutional neural,9,1,0.0045045045045045045,9,0.00038721384605624467,0.0,841,841,910,841
convolutional recurrent network,1,4,0.016016016016016016,36,0.0010728576842368607,0.002927127518275628,83,43,80,186
convolutional recurrent neural,5,1,0.0045045045045045045,9,0.0003422789709431048,0.0,841,841,1443,841
convolutional structure,2,2,0.009009009009009009,18,0.0006127423065476197,0.00147976902363936,169,169,408,507
core,2,2,0.009009009009009009,18,0.0006074284061197622,0.0011005826829883225,169,169,473,681
core challenge,3,2,0.009009009009009009,18,0.0005862879096033926,0.002757379420221316,169,169,686,193
core innovation,7,1,0.0045045045045045045,9,0.0003839510610379625,0.0,841,841,927,841
core module,9,1,0.0045045045045045045,9,0.0003480112881864494,0.0,841,841,1286,841
correct,3,1,0.0045045045045045045,9,0.0003328726109547743,0.0,841,841,1717,841
correlation extraction,8,1,0.0045045045045045045,9,0.00036379565139260797,0.0,841,841,1037,841
correlation pattern,3,2,0.009009009009009009,18,0.0006599849150725031,0.0026936597495199137,169,169,202,199
correlation separately,1,1,0.0045045045045045045,9,0.00032848382138978287,0.0,841,841,1810,841
correlative,8,1,0.0045045045045045045,9,0.00035562530666981756,0.0,841,841,1116,841
cost,3,2,0.009009009009009009,18,0.0005989283702171351,0.0012042266915284463,169,169,580,642
cost function,1,2,0.009009009009009009,18,0.0006368263227343541,0.0017963250462958277,169,169,246,359
count data,3,2,0.009009009009009009,18,0.0005950996795875826,0.0013808133714306192,169,169,624,558
counter data,3,2,0.008508508508508508,18,0.0006014249367818181,0.0008415805447262825,756,169,545,756
counterfactual,4,2,0.009009009009009009,18,0.000605062282064962,0.0016734130691972897,169,169,494,410
coupled,7,3,0.013513513513513514,27,0.0008565362136596672,0.005374966566653882,86,86,131,100
covariance,1,1,0.0045045045045045045,9,0.00032484666732510685,0.0,841,841,1882,841
coverage,2,2,0.009009009009009009,18,0.0005990621722314163,0.0013767505623406388,169,169,577,562
crafted,6,2,0.009009009009009009,18,0.0005872310392955449,0.0020317231973734856,169,169,677,303
crash,6,2,0.009009009009009009,18,0.000593432446779523,0.0014572761000872473,169,169,635,520
created,9,2,0.009009009009009009,18,0.000627240641987385,0.0009462614477174895,169,169,292,730
creating,4,2,0.009009009009009009,18,0.0006928668806463248,0.00227054233620057,169,169,175,247
critical challenge,1,2,0.009009009009009009,18,0.000644572595064429,0.001532078321581206,169,169,226,474
critical component,7,1,0.0045045045045045045,9,0.00034446281948899947,0.0,841,841,1380,841
cross,1,2,0.009009009009009009,18,0.000586433214045027,0.0009418022432670271,169,169,683,731
cross attention,8,1,0.0045045045045045045,9,0.0003520727891713391,0.0,841,841,1175,841
cross attention mechanism,1,2,0.009009009009009009,18,0.0005825439738942053,0.0020014837541156303,169,169,723,305
cross city,2,5,0.01951951951951952,45,0.0013800493615843768,0.01179957436925194,41,22,31,32
cross domain,7,3,0.013513513513513514,27,0.0009269405146620498,0.006095532202147505,86,86,88,88
cross scale,5,2,0.009009009009009009,18,0.0005863400923675743,0.002370908197159364,169,169,685,226
cross spatial,3,1,0.0045045045045045045,9,0.0003508174822844841,0.0,841,841,1202,841
crucial research,1,2,0.009009009009009009,18,0.0005677227031896703,0.0011017809556496331,169,169,807,680
current graph,9,2,0.009009009009009009,18,0.0006525468550814037,0.005200246200408057,169,169,209,105
current intelligent,2,2,0.009009009009009009,18,0.0006238039117503093,0.002285260574251505,169,169,315,243
current public,7,2,0.009009009009009009,18,0.0006056751215541121,0.0024133964715542943,169,169,488,221
current state,1,1,0.0045045045045045045,9,0.00034146057397903913,0.0,841,841,1483,841
current traffic speed,5,2,0.008508508508508508,18,0.0006140708963151021,0.0005705622938644243,756,169,394,800
customize,5,1,0.0045045045045045045,9,0.00032535602312300493,0.0,841,841,1866,841
cutting,4,1,0.0045045045045045045,9,0.0003668044628394133,0.0,841,841,992,841
cv,8,3,0.013013013013013013,27,0.000883121038564452,0.0035799359429270782,141,86,103,157
cyclic,3,1,0.0045045045045045045,9,0.00036494733335843,0.0,841,841,1026,841
daily,1,1,0.0045045045045045045,9,0.0003378522459852882,0.0,841,841,1578,841
daily life,1,2,0.009009009009009009,18,0.000597941507626194,0.0017850697347434144,169,169,595,365
daily traffic,8,2,0.0075075075075075074,18,0.0006327633836710038,0.00045992203872212786,823,169,260,811
data analysis,4,2,0.009009009009009009,18,0.0006091141038293063,0.0010472375684505751,169,169,445,702
data availability,6,2,0.009009009009009009,18,0.0005798405565152948,0.0016432970765493662,169,169,758,424
data collection,7,1,0.0045045045045045045,9,0.0003478505421894477,0.0,841,841,1289,841
data distribution,2,1,0.0045045045045045045,9,0.0003245807656754812,0.0,841,841,1891,841
data driven,1,2,0.009009009009009009,18,0.0005789124502240131,0.0006249646972330192,169,169,761,795
data driven graph,1,1,0.0045045045045045045,9,0.00032490061015804354,0.0,841,841,1876,841
data driven traffic,4,1,0.0045045045045045045,9,0.0003314155367830884,0.0,841,841,1767,841
data hinders,7,1,0.0045045045045045045,9,0.0003839510610379625,0.0,841,841,927,841
data imbalance,8,1,0.0045045045045045045,9,0.00035562530666981756,0.0,841,841,1116,841
data point,10,2,0.009009009009009009,18,0.0006053771484979184,0.0013927022251049525,169,169,490,550
data processing,6,1,0.0045045045045045045,9,0.0003268193429116566,0.0,841,841,1842,841
data provided,8,2,0.009009009009009009,18,0.0005913500878167794,0.0021427539261969753,169,169,648,272
data quality,1,2,0.009009009009009009,18,0.0006271390677371458,0.0018885907839006045,169,169,294,331
data recorded,3,2,0.009009009009009009,18,0.0006253351368806036,0.0016518887033059784,169,169,305,418
data remains,7,2,0.009009009009009009,18,0.0005950566074033285,0.0013885813817713995,169,169,625,554
data rich,2,1,0.0045045045045045045,9,0.00032584425592081107,0.0,841,841,1858,841
data rich source,7,1,0.0045045045045045045,9,0.00036362127891809745,0.0,841,841,1043,841
data scarce city,5,2,0.009009009009009009,18,0.0006318804821405642,0.0023183548882112297,169,169,267,234
data scarce scenario,7,1,0.0045045045045045045,9,0.0003839510610379625,0.0,841,841,927,841
data scarce target,2,1,0.0045045045045045045,9,0.00034195861057162197,0.0,841,841,1457,841
data scarcity,2,1,0.0045045045045045045,9,0.0003367206070180251,0.0,841,841,1604,841
data scarcity issue,7,2,0.009009009009009009,18,0.0006411455219973247,0.0007291886471647675,169,169,234,783
data scenario,3,2,0.009009009009009009,18,0.0006863974556436381,0.003494125071065041,169,169,177,159
data separately,1,2,0.009009009009009009,18,0.0005960703780111504,0.0010848788208454867,169,169,613,689
data sequence,6,2,0.009009009009009009,18,0.0005819260327326163,0.0018130971168316347,169,169,729,355
data set,6,1,0.0045045045045045045,9,0.00036322060905760256,0.0,841,841,1061,841
datasets offer,10,2,0.009009009009009009,18,0.0005846814099985104,0.0017281270212662725,169,169,702,385
day,1,1,0.0045045045045045045,9,0.0003378522459852882,0.0,841,841,1578,841
day ahead,1,2,0.009009009009009009,18,0.0005783833189747595,0.0017251275653653133,169,169,764,387
dcrnn,6,2,0.009009009009009009,18,0.0005886324585369513,0.0017253135205408923,169,169,665,386
deal,8,1,0.0045045045045045045,9,0.0003373927390198271,0.0,841,841,1598,841
decision making,9,4,0.018018018018018018,36,0.0013070132485633224,0.013486103043303228,43,43,43,26
decoder,2,2,0.009009009009009009,18,0.0005806729962425576,0.0017297800389031947,169,169,746,384
decomposition,3,2,0.009009009009009009,18,0.0006083743055413887,0.0013236844170146191,169,169,459,590
decouple traffic,2,2,0.009009009009009009,18,0.0005916035927362686,0.001767303676556255,169,169,644,372
decoupled spatial,5,2,0.009009009009009009,18,0.0005856437518813084,0.0021958013968805916,169,169,695,257
decoupling,5,1,0.0045045045045045045,9,0.00034209838720569973,0.0,841,841,1453,841
deep learning,2,3,0.013513513513513514,27,0.0008795039316812178,0.005049371483389369,86,86,107,110
deep learning architecture,8,1,0.0045045045045045045,9,0.0003912439525563985,0.0,841,841,901,841
deep learning technique,3,1,0.0045045045045045045,9,0.0003505520884307817,0.0,841,841,1208,841
deep learning traffic,2,1,0.0045045045045045045,9,0.00036661747478862233,0.0,841,841,998,841
deep network,2,2,0.009009009009009009,18,0.0005778055181768285,0.0019657303634948776,169,169,767,311
deep neural network,3,3,0.013513513513513514,27,0.0008551072691111599,0.00659935935355333,86,86,133,82
deeper,3,1,0.0045045045045045045,9,0.0004034808954803171,0.0,841,841,873,841
defense,7,2,0.008008008008008008,18,0.0006090386600051997,0.0004290177185903796,809,169,448,818
defined graph structure,1,1,0.0045045045045045045,9,0.00034600858222879726,0.0,841,841,1331,841
degradation,8,1,0.0045045045045045045,9,0.00032527256122662305,0.0,841,841,1868,841
degrade,7,1,0.0045045045045045045,9,0.0003554241656578997,0.0,841,841,1119,841
degrades,5,1,0.0045045045045045045,9,0.00033213610221902515,0.0,841,841,1754,841
delay aware,1,2,0.009009009009009009,18,0.000575376778556304,0.0018273890221646612,169,169,781,351
delay effect,3,2,0.009009009009009009,18,0.0005717700272174697,0.0022433321921193267,169,169,797,250
delayed,1,1,0.0045045045045045045,9,0.0003150822653007481,0.0,841,841,1973,841
demand,1,1,0.0045045045045045045,9,0.0003322979051932329,0.0,841,841,1747,841
demand forecasting,9,2,0.009009009009009009,18,0.0006123897248398205,0.0013694577601006657,169,169,411,570
demonstrated excellent,5,2,0.009009009009009009,18,0.0006042964071965429,0.0015447206630588336,169,169,501,468
demonstrates superior,1,2,0.009009009009009009,18,0.0005654271961069834,0.002929770486159375,169,169,817,185
dense,3,1,0.0045045045045045045,9,0.0003261701208116277,0.0,841,841,1852,841
density,9,1,0.0045045045045045045,9,0.00038268491253830577,0.0,841,841,941,841
dependence,1,2,0.009009009009009009,18,0.0005601712769206893,0.0008137428805302495,169,169,827,770
dependency efficiently,5,2,0.009009009009009009,18,0.000602057638826517,0.0009401118902944056,169,169,531,732
dependency graph,7,1,0.0045045045045045045,9,0.000327257467308455,0.0,841,841,1834,841
dependency learning,1,2,0.009009009009009009,18,0.0006211325405988533,0.0011601898058968294,169,169,334,660
dependency separately,1,2,0.009009009009009009,18,0.0006138904554376609,0.000760386663737325,169,169,395,780
dependent,4,1,0.0045045045045045045,9,0.00033778264345486774,0.0,841,841,1583,841
deploying,5,1,0.0045045045045045045,9,0.000330795789589859,0.0,841,841,1775,841
deployment,9,2,0.009009009009009009,18,0.0006382060722652845,0.002719221687226838,169,169,242,196
derive,2,1,0.0045045045045045045,9,0.0003384058839454412,0.0,841,841,1563,841
design allows,1,2,0.009009009009009009,18,0.0005919542880876353,0.001096177839174171,169,169,641,684
detection,7,1,0.0045045045045045045,9,0.00034446281948899947,0.0,841,841,1380,841
detector,5,3,0.01051051051051051,27,0.0008488300063817827,0.005507408593974363,168,86,144,96
detector data,2,2,0.008508508508508508,18,0.0006251367617539821,0.0011810785338293487,756,169,307,649
deteriorates,8,1,0.0045045045045045045,9,0.00035562530666981756,0.0,841,841,1116,841
deterministic,1,1,0.0045045045045045045,9,0.0003543706248206399,0.0,841,841,1141,841
device,2,3,0.013013013013013013,27,0.0008817241869414133,0.004664895562159729,141,86,105,122
devise,7,1,0.0045045045045045045,9,0.00034481051658759245,0.0,841,841,1372,841
different channel,1,2,0.009009009009009009,18,0.00057778984969545,0.0011402418716927117,169,169,768,667
different city,7,2,0.009009009009009009,18,0.0006674516516522291,0.0017716569542090969,169,169,193,369
different combination,3,2,0.009009009009009009,18,0.0005930942100025254,0.0014516817453521186,169,169,638,524
different data,3,1,0.0045045045045045045,9,0.0004034808954803171,0.0,841,841,873,841
different datasets,3,2,0.009009009009009009,18,0.000600448924487422,0.0026017025517388872,169,169,559,207
different factor,4,1,0.0045045045045045045,9,0.0003477262307861872,0.0,841,841,1293,841
different level,6,1,0.0045045045045045045,9,0.0003504132270232911,0.0,841,841,1224,841
different location,3,1,0.0045045045045045045,9,0.0003419543325514404,0.0,841,841,1462,841
different node,8,1,0.0045045045045045045,9,0.0003373927390198271,0.0,841,841,1598,841
different period,8,2,0.009009009009009009,18,0.0006896271436970675,0.001235669205211196,169,169,176,628
different prediction horizon,3,2,0.009009009009009009,18,0.0005963631704120616,0.0022555815792058365,169,169,611,249
different region,9,1,0.0045045045045045045,9,0.00035398901809038116,0.0,841,841,1146,841
different scale,3,1,0.0045045045045045045,9,0.00032427542865284007,0.0,841,841,1898,841
different scenario,8,1,0.0045045045045045045,9,0.0003532798936527338,0.0,841,841,1155,841
different source,2,2,0.009009009009009009,18,0.0006027117644257099,0.0018056519789053371,169,169,521,357
different spatio,2,2,0.009009009009009009,18,0.0005981186484090651,0.002162638916895757,169,169,589,263
different temporal,4,1,0.0045045045045045045,9,0.0003441775753769005,0.0,841,841,1394,841
different time,1,3,0.013513513513513514,27,0.0008514946975968395,0.0051159173838099484,86,86,138,107
different time window,1,1,0.0045045045045045045,9,0.0003322979051932329,0.0,841,841,1747,841
different type,1,2,0.009009009009009009,18,0.000607805676375949,0.001540122428417077,169,169,468,470
differential equation,1,4,0.017517517517517518,36,0.0010781847386742399,0.007279273876310724,66,43,78,73
differs,1,1,0.0045045045045045045,9,0.00036021459591885027,0.0,841,841,1077,841
difficult problem,1,1,0.0045045045045045045,9,0.00033626961626574236,0.0,841,841,1617,841
diffusion,7,4,0.018018018018018018,36,0.0010783547828762453,0.011597500284353865,43,43,77,33
diffusion network,8,1,0.0045045045045045045,9,0.0003532798936527338,0.0,841,841,1155,841
dilated,3,1,0.0045045045045045045,9,0.0004034808954803171,0.0,841,841,873,841
dilated causal convolution,3,2,0.008508508508508508,18,0.0006403697152468365,0.0009530114889963953,756,169,235,728
dilated convolution,4,1,0.0045045045045045045,9,0.0003441775753769005,0.0,841,841,1394,841
dilution,6,1,0.0045045045045045045,9,0.00037440140562638736,0.0,841,841,969,841
dimension,4,2,0.009009009009009009,18,0.0005825556483835756,0.0015488324486574482,169,169,722,466
dimensional,6,1,0.0045045045045045045,9,0.00036322060905760256,0.0,841,841,1061,841
dimensional space,7,2,0.009009009009009009,18,0.0006031943463571435,0.0024631949485829003,169,169,515,218
diminished,9,1,0.0045045045045045045,9,0.00039457535899841426,0.0,841,841,894,841
diminishing,1,1,0.0045045045045045045,9,0.0003747293303697554,0.0,841,841,957,841
directed,1,1,0.0045045045045045045,9,0.00032484666732510685,0.0,841,841,1882,841
direction,9,1,0.0045045045045045045,9,0.00036071267338384316,0.0,841,841,1072,841
directly,5,1,0.0045045045045045045,9,0.000403889903106254,0.0,841,841,865,841
discover,3,1,0.0045045045045045045,9,0.0003862948528602388,0.0,841,841,916,841
discriminate,4,1,0.0045045045045045045,9,0.0003375542929021625,0.0,841,841,1590,841
discriminating feature,2,1,0.0045045045045045045,9,0.0003384058839454412,0.0,841,841,1563,841
discus open,9,2,0.009009009009009009,18,0.0006461395205263134,0.0012158588832388054,169,169,222,635
disentangles,9,1,0.0045045045045045045,9,0.0003798988509895071,0.0,841,841,946,841
dispatching,9,1,0.0045045045045045045,9,0.00035398901809038116,0.0,841,841,1146,841
disruption,4,1,0.0045045045045045045,9,0.00035051324883946314,0.0,841,841,1214,841
distance,1,2,0.008508508508508508,18,0.0005584328811258293,0.00040485399024468133,756,169,829,821
distill,7,1,0.0045045045045045045,9,0.00036362127891809745,0.0,841,841,1043,841
distillation,7,1,0.0045045045045045045,9,0.000340096580428476,0.0,841,841,1519,841
distillation style,5,1,0.0045045045045045045,9,0.0003423877031430416,0.0,841,841,1439,841
distinct,8,1,0.0045045045045045045,9,0.0003373927390198271,0.0,841,841,1598,841
distributed,5,2,0.009009009009009009,18,0.0006019013419354528,0.0014823610182927857,169,169,534,505
distributed fine,5,1,0.0045045045045045045,9,0.0003244624435874449,0.0,841,841,1894,841
distribution,5,1,0.0045045045045045045,9,0.0003575036173470864,0.0,841,841,1099,841
divergence,7,2,0.009009009009009009,18,0.0006077864198998136,0.0021024714509500888,169,169,470,286
diverse data,9,2,0.009009009009009009,18,0.0007059120390400104,0.0018557531413236016,169,169,171,336
diverse scenario,2,2,0.009009009009009009,18,0.00060494939517463,0.0013390609001469106,169,169,495,587
diverse traffic,6,1,0.0045045045045045045,9,0.0003509386197085235,0.0,841,841,1197,841
diverse urban,7,1,0.0045045045045045045,9,0.000340096580428476,0.0,841,841,1519,841
diversity,1,1,0.0045045045045045045,9,0.00031736377703416534,0.0,841,841,1959,841
division,3,1,0.0045045045045045045,9,0.0003505520884307817,0.0,841,841,1208,841
dl,3,3,0.013513513513513514,27,0.0008735062035022973,0.003896169936831369,86,86,113,145
dnn,2,2,0.009009009009009009,18,0.0005798821913808659,0.0030115454279537953,169,169,757,178
domain adaptation,4,2,0.009009009009009009,18,0.0005957595318977054,0.0014742721568161362,169,169,614,511
domain expert,3,2,0.009009009009009009,18,0.0006303198723384055,0.002106147285043119,169,169,276,285
domain knowledge,7,1,0.0045045045045045045,9,0.0003440730578244192,0.0,841,841,1398,841
domain spatial,2,2,0.009009009009009009,18,0.000610665389480598,0.0014616980123402302,169,169,430,517
dominated,4,1,0.0045045045045045045,9,0.00033639766414617187,0.0,841,841,1611,841
downstream,2,1,0.0045045045045045045,9,0.0003466922232108842,0.0,841,841,1319,841
downstream application,2,1,0.0045045045045045045,9,0.0003417784365211632,0.0,841,841,1470,841
downtime,1,1,0.0045045045045045045,9,0.00033182095267870836,0.0,841,841,1757,841
drastically,4,1,0.0045045045045045045,9,0.0003668044628394133,0.0,841,841,992,841
draw,6,1,0.0045045045045045045,9,0.0003304979773005144,0.0,841,841,1790,841
drawing inspiration,4,2,0.009009009009009009,18,0.0006278932658543609,0.0010708886026390397,169,169,289,691
driven graph,10,1,0.0045045045045045045,9,0.0003467100408202343,0.0,841,841,1315,841
driven traffic prediction,2,1,0.0045045045045045045,9,0.0003185628741757581,0.0,841,841,1946,841
driver,4,2,0.009009009009009009,18,0.0006213518576139342,0.0015700278470496436,169,169,331,459
driving,8,1,0.0045045045045045045,9,0.0003520727891713391,0.0,841,841,1175,841
drone,2,1,0.0045045045045045045,9,0.0003545803121804435,0.0,841,841,1135,841
dual,1,2,0.009009009009009009,18,0.0005844290252785235,0.0009226361583149624,169,169,703,736
dual view,4,2,0.009009009009009009,18,0.0006113188597126567,0.001593635553966377,169,169,424,447
duration,5,1,0.0045045045045045045,9,0.00035259740140725245,0.0,841,841,1165,841
dynamic association,1,1,0.0045045045045045045,9,0.00032515789514686697,0.0,841,841,1871,841
dynamic change,6,1,0.0045045045045045045,9,0.00035785920938160003,0.0,841,841,1093,841
dynamic characteristic,1,1,0.0045045045045045045,9,0.00031804234567673446,0.0,841,841,1955,841
dynamic dependency,2,2,0.009009009009009009,18,0.000603096167565769,0.001678884476742091,169,169,516,406
dynamic edge,3,1,0.0045045045045045045,9,0.000344951118842156,0.0,841,841,1364,841
dynamic feature,3,2,0.009009009009009009,18,0.0006156016633770948,0.0015523678231724152,169,169,374,465
dynamic graph,1,4,0.018018018018018018,36,0.0010913745224942941,0.006784029694487149,43,43,75,79
dynamic graph convolution,1,1,0.0045045045045045045,9,0.00034600858222879726,0.0,841,841,1331,841
dynamic graph convolutional,5,1,0.0045045045045045045,9,0.0003422789709431048,0.0,841,841,1443,841
dynamic interaction,4,1,0.0045045045045045045,9,0.0003515097597536167,0.0,841,841,1179,841
dynamic multi,1,2,0.009009009009009009,18,0.0005738347437699512,0.0012260974891216603,169,169,791,630
dynamic relationship,3,1,0.0045045045045045045,9,0.0003862948528602388,0.0,841,841,916,841
dynamic semantic,4,1,0.0045045045045045045,9,0.00033389517997307,0.0,841,841,1687,841
dynamic spatial,4,1,0.0045045045045045045,9,0.000335729231478725,0.0,841,841,1640,841
dynamic spatial correlation,1,2,0.009009009009009009,18,0.0006715512759604464,0.002152195550722342,169,169,186,268
dynamic spatial temporal,1,2,0.009009009009009009,18,0.0005742436306976789,0.0009629215883763456,169,169,788,726
dynamic spatio,1,2,0.008508508508508508,18,0.0005740845814801559,0.0005160181661269318,756,169,790,806
dynamic temporal,6,2,0.009009009009009009,18,0.0006075968875461706,0.0007320721443865423,169,169,471,782
dynamic time,3,2,0.009009009009009009,18,0.0005914153274602452,0.0011307300361471386,169,169,647,672
dynamic traffic,4,1,0.0045045045045045045,9,0.000335729231478725,0.0,841,841,1640,841
dynamic traffic information,3,1,0.0045045045045045045,9,0.0003332355967832847,0.0,841,841,1710,841
dynamic traffic pattern,4,2,0.009009009009009009,18,0.0006058338690575336,0.001957457503425259,169,169,485,313
dynamic urban,8,1,0.0045045045045045045,9,0.00033018775268612395,0.0,841,841,1797,841
dynamically adjusts,2,2,0.009009009009009009,18,0.0006089547607567168,0.0015308799470774583,169,169,450,476
dynamically learn,1,2,0.009009009009009009,18,0.0005856690909450809,0.0015142680606681838,169,169,694,491
edge,3,1,0.0045045045045045045,9,0.000343525266927676,0.0,841,841,1414,841
edge weight,3,1,0.0045045045045045045,9,0.000344951118842156,0.0,841,841,1364,841
effectively address,1,2,0.008508508508508508,18,0.0005697497134067789,0.0005566800833892251,756,169,804,801
effectively capture,2,1,0.0045045045045045045,9,0.0003436913091818447,0.0,841,841,1410,841
effectively capture spatial,4,1,0.0045045045045045045,9,0.0003346344537538492,0.0,841,841,1674,841
effectively capturing,1,2,0.009009009009009009,18,0.0006741646155734634,0.0008949388805278134,169,169,183,740
effectively extract,1,2,0.009009009009009009,18,0.0005591139498543027,0.0015717841131006483,169,169,828,458
effectively forecast,3,2,0.009009009009009009,18,0.0006194972493620043,0.0010013444069672632,169,169,344,715
efficient,5,2,0.009009009009009009,18,0.0006134038899866206,0.001857918835350549,169,169,396,334
efficient alternative,6,2,0.009009009009009009,18,0.0006491809116000261,0.001459379310723704,169,169,216,518
efficient learning,2,2,0.009009009009009009,18,0.0005737857576224206,0.0009984108904248622,169,169,792,716
efficient spatiotemporal,5,2,0.009009009009009009,18,0.0006007408389674165,0.0013673035496802601,169,169,555,572
efficient traffic state,3,2,0.009009009009009009,18,0.0006025590687058727,0.002664514693858157,169,169,524,200
element,6,1,0.0045045045045045045,9,0.0003569527144025537,0.0,841,841,1104,841
embedded,1,1,0.0045045045045045045,9,0.00036799745615161876,0.0,841,841,987,841
embedding,1,4,0.017517517517517518,36,0.001097394581828913,0.008402248519483634,66,43,74,57
embedding spatial,2,1,0.0045045045045045045,9,0.0003498510563145086,0.0,841,841,1253,841
embeddings,8,3,0.013013013013013013,27,0.0008507908817126208,0.0025989391802333315,141,86,141,208
emerges,4,1,0.0045045045045045045,9,0.0003668044628394133,0.0,841,841,992,841
emerging,7,1,0.0045045045045045045,9,0.0003946477528084617,0.0,841,841,887,841
emission,2,1,0.0045045045045045045,9,0.00034510748976035856,0.0,841,841,1357,841
emphasis,7,1,0.0045045045045045045,9,0.0003946477528084617,0.0,841,841,887,841
enabling efficient,1,1,0.0045045045045045045,9,0.0003288764902443816,0.0,841,841,1806,841
enabling efficient resource,9,1,0.0045045045045045045,9,0.00039457535899841426,0.0,841,841,894,841
encoder,2,3,0.012512512512512512,27,0.0008764634269976478,0.004415042129209307,154,86,111,128
encoder decoder,1,2,0.009009009009009009,18,0.0005831557212024719,0.0017297936308654977,169,169,716,383
encoding,1,1,0.0045045045045045045,9,0.00031461621205400135,0.0,841,841,1976,841
encompasses,5,1,0.0045045045045045045,9,0.000311170657544502,0.0,841,841,1990,841
end,1,2,0.009009009009009009,18,0.0005915720655358775,0.001850769391444279,169,169,646,337
end training,2,2,0.009009009009009009,18,0.0006597519310191025,0.0030579037844961914,169,169,204,176
enhance predictive,1,2,0.008508508508508508,18,0.0005957105237545228,0.00048437688761363956,756,169,615,807
enhance traffic prediction,5,2,0.009009009009009009,18,0.0006024245672039097,0.00138059553981981,169,169,525,559
enhanced,1,1,0.0045045045045045045,9,0.00033060462575273085,0.0,841,841,1781,841
enhanced spatial,1,2,0.009009009009009009,18,0.0006026258583115896,0.002528283674071393,169,169,523,214
enhanced spatio,3,2,0.009009009009009009,18,0.0006118543375696254,0.0023455524586613787,169,169,416,231
enhanced traffic flow,1,2,0.009009009009009009,18,0.0005836990694031596,0.0015248312677450836,169,169,709,483
enhances,1,1,0.0045045045045045045,9,0.0003335395508600292,0.0,841,841,1693,841
enhancing,8,1,0.0045045045045045045,9,0.0003389773961398035,0.0,841,841,1552,841
enormous effort,5,1,0.0045045045045045045,9,0.0003423877031430416,0.0,841,841,1439,841
enriched,1,1,0.0045045045045045045,9,0.0003322979051932329,0.0,841,841,1747,841
ensemble,3,3,0.013513513513513514,27,0.0008602456006002764,0.00342345018768836,86,86,126,164
ensure accurate,8,2,0.009009009009009009,18,0.0005972229788357142,0.0012236593165347038,169,169,603,632
ensuring,4,1,0.0045045045045045045,9,0.0003477128116796051,0.0,841,841,1298,841
entire city,3,2,0.009009009009009009,18,0.0005868393470633383,0.0012847329799760621,169,169,680,608
entropy,3,1,0.0045045045045045045,9,0.00036330136449938376,0.0,841,841,1055,841
error,10,2,0.009009009009009009,18,0.0006201528399010832,0.001612996091351959,169,169,342,441
error metric,8,2,0.009009009009009009,18,0.0006180525155313903,0.0015878084267365131,169,169,354,448
essence,2,1,0.0045045045045045045,9,0.00033945298269491233,0.0,841,841,1530,841
essential component,2,2,0.009009009009009009,18,0.0005570045509451126,0.0018308820147448824,169,169,833,349
estimated,3,1,0.0045045045045045045,9,0.00032962640232379973,0.0,841,841,1800,841
evacuation period,5,2,0.008008008008008008,18,0.0005988835024107849,0.0004516263514570907,809,169,581,815
evacuation traffic,5,3,0.012012012012012012,27,0.0008557084738917369,0.002553711450468446,160,86,132,210
evaluation,6,2,0.009009009009009009,18,0.0006009586296588864,0.0014281343520739984,169,169,551,539
evaluation metric,7,1,0.0045045045045045045,9,0.0003830419338418781,0.0,841,841,934,841
evening,9,1,0.0045045045045045045,9,0.0003480112881864494,0.0,841,841,1286,841
event,2,3,0.013513513513513514,27,0.0009023698935632312,0.004094327528790307,86,86,92,136
event traffic,10,2,0.008508508508508508,18,0.0006164714091864539,0.000881169555818668,756,169,364,744
eventually,1,2,0.009009009009009009,18,0.0006133210870545191,0.00248587032771674,169,169,397,217
evolution,10,1,0.0045045045045045045,9,0.00034019141922584127,0.0,841,841,1515,841
evolutionary,7,1,0.0045045045045045045,9,0.0003482946346312535,0.0,841,841,1277,841
evolving graph,7,2,0.009009009009009009,18,0.0006069899309917977,0.002045158829604033,169,169,480,300
evolving network,7,2,0.009009009009009009,18,0.0006043807642709206,0.001636102643411331,169,169,500,428
evolving spatial,8,2,0.009009009009009009,18,0.0005783790523622921,0.001341634455926372,169,169,765,583
examined,7,1,0.0045045045045045045,9,0.0003554241656578997,0.0,841,841,1119,841
example,7,2,0.009009009009009009,18,0.0006090751091225141,0.0021775541591966072,169,169,447,261
exceeds,9,1,0.0045045045045045045,9,0.00038721384605624467,0.0,841,841,910,841
excel,1,1,0.0045045045045045045,9,0.0003380693875826597,0.0,841,841,1570,841
excessive,8,1,0.0045045045045045045,9,0.0003912439525563985,0.0,841,841,901,841
exclusively,2,1,0.0045045045045045045,9,0.000350098037088237,0.0,841,841,1244,841
exhibit,1,1,0.0045045045045045045,9,0.0003350898785499002,0.0,841,841,1662,841
exogenous,9,1,0.0045045045045045045,9,0.00044041495779824336,0.0,841,841,841,841
exogenous factor,6,1,0.0045045045045045045,9,0.00036322060905760256,0.0,841,841,1061,841
expansion,7,2,0.009009009009009009,18,0.0006085854800832127,0.00185639896918916,169,169,456,335
expected,3,1,0.0045045045045045045,9,0.00033334635204052134,0.0,841,841,1701,841
expensive,9,1,0.0045045045045045045,9,0.0003458421582256789,0.0,841,841,1340,841
experienced significant,2,1,0.0045045045045045045,9,0.00033575758615161407,0.0,841,841,1635,841
experimentation,4,1,0.0045045045045045045,9,0.00040991929184061896,0.0,841,841,850,841
expert,8,5,0.02102102102102102,45,0.0013875570198441886,0.010797180802332794,36,22,29,38
explain,8,1,0.0045045045045045045,9,0.0003532798936527338,0.0,841,841,1155,841
explainable,8,2,0.009009009009009009,18,0.0006086070965951143,0.0033947908446342414,169,169,455,166
explainable traffic,2,2,0.008008008008008008,18,0.0005851001653663945,0.00028806826456478083,809,169,699,828
explicit,5,1,0.0045045045045045045,9,0.0003402453641199712,0.0,841,841,1511,841
explicitly capture,1,2,0.009009009009009009,18,0.0006334632084100383,0.0023159648937939223,169,169,258,235
explicitly learns,8,1,0.0045045045045045045,9,0.0003590501349140165,0.0,841,841,1082,841
exploited,8,1,0.0045045045045045045,9,0.0003912439525563985,0.0,841,841,901,841
exploiting,4,1,0.0045045045045045045,9,0.0003451253119763605,0.0,841,841,1353,841
explore,1,2,0.009009009009009009,18,0.0005735387621989771,0.0010673439013007121,169,169,793,692
expressway,3,1,0.0045045045045045045,9,0.00032962640232379973,0.0,841,841,1800,841
extended,8,3,0.013013013013013013,27,0.0008615894415864865,0.0048669784989694076,141,86,124,115
extensive comparative evaluation,1,1,0.0045045045045045045,9,0.00034986761668324306,0.0,841,841,1248,841
external,1,1,0.0045045045045045045,9,0.00033541761858173674,0.0,841,841,1646,841
external factor,6,1,0.0045045045045045045,9,0.00034823567538415346,0.0,841,841,1281,841
external knowledge,4,2,0.008508508508508508,18,0.0006149343360788293,0.0008479790145164303,756,169,382,754
extra,4,1,0.0045045045045045045,9,0.00035473154390683185,0.0,841,841,1130,841
extract dynamic,1,2,0.009009009009009009,18,0.0005875495623114835,0.0013995078209868093,169,169,675,548
extract multi,1,1,0.0045045045045045045,9,0.0003350898785499002,0.0,841,841,1662,841
extract static,3,1,0.0045045045045045045,9,0.0003508174822844841,0.0,841,841,1202,841
extracted,3,2,0.009009009009009009,18,0.0006052644794236894,0.0017403139788186026,169,169,492,377
extraction,1,2,0.009009009009009009,18,0.0006010758850845519,0.0010981023547654313,169,169,550,683
extraction layer,6,1,0.0045045045045045045,9,0.0003569527144025537,0.0,841,841,1104,841
extraction module,9,1,0.0045045045045045045,9,0.0003798988509895071,0.0,841,841,946,841
extreme,2,1,0.0045045045045045045,9,0.0003484152509775064,0.0,841,841,1268,841
extremely challenging,1,2,0.009009009009009009,18,0.0005754483041153098,0.0009295714929945191,169,169,780,733
extremely long,7,2,0.008508508508508508,18,0.000621327688141636,0.0006478745346099263,756,169,332,792
face significant,8,2,0.009009009009009009,18,0.0005843868400645705,0.001346607350817732,169,169,704,579
faced,6,1,0.0045045045045045045,9,0.0003468650539167271,0.0,841,841,1308,841
facilitating,2,1,0.0045045045045045045,9,0.0003466922232108842,0.0,841,841,1319,841
factor,10,3,0.013513513513513514,27,0.0009004008822686226,0.004818052864474168,86,86,93,117
factorized,2,1,0.0045045045045045045,9,0.0003384058839454412,0.0,841,841,1563,841
failure,5,2,0.009009009009009009,18,0.000611841280341792,0.0019760423583848707,169,169,417,308
fair comparison,1,2,0.009009009009009009,18,0.0005651145904880825,0.0005930495773760443,169,169,818,798
fall short,1,1,0.0045045045045045045,9,0.0003739286444084564,0.0,841,841,975,841
fast,1,2,0.009009009009009009,18,0.0005749391336738344,0.0010108655361867548,169,169,784,713
faster training,4,2,0.009009009009009009,18,0.0005982317326114166,0.002148920943062432,169,169,588,269
feasible,6,1,0.0045045045045045045,9,0.0003304979773005144,0.0,841,841,1790,841
feature fusion,2,1,0.0045045045045045045,9,0.00034276270811725785,0.0,841,841,1424,841
feature learning,3,2,0.008508508508508508,18,0.0006013141815245815,0.0006846493768173013,756,169,547,789
feature representation,1,2,0.009009009009009009,18,0.0006005300077626429,0.001833544469019511,169,169,558,347
feature selection,3,1,0.0045045045045045045,9,0.00033664075568920764,0.0,841,841,1608,841
feature transformation,3,1,0.0045045045045045045,9,0.0003419543325514404,0.0,841,841,1462,841
fed,6,1,0.0045045045045045045,9,0.0003351413155344436,0.0,841,841,1658,841
federated learning,6,5,0.01951951951951952,45,0.0013313490481032693,0.00845701579648048,41,22,38,56
federated traffic,6,2,0.008508508508508508,18,0.0005933984874981892,0.0003778603829474764,756,169,636,822
fft,1,1,0.0045045045045045045,9,0.0003316351441010876,0.0,841,841,1762,841
filter,1,1,0.0045045045045045045,9,0.0003180423456767345,0.0,841,841,1954,841
filtering,5,3,0.013513513513513514,27,0.0008936955757575942,0.004302075649054354,86,86,95,132
finding reveal,6,1,0.0045045045045045045,9,0.0003509386197085235,0.0,841,841,1197,841
fine grained,5,2,0.009009009009009009,18,0.0006106089759039604,0.002117610713010427,169,169,431,280
fine grained traffic,5,2,0.0065065065065065065,18,0.0005812562957625391,4.587836207252372e-05,836,169,740,836
fine tune,1,1,0.0045045045045045045,9,0.0003501754748964412,0.0,841,841,1234,841
fine tuning,7,1,0.0045045045045045045,9,0.0003830419338418781,0.0,841,841,934,841
fine tuning stage,2,2,0.009009009009009009,18,0.0006099368725912774,0.0012539342814932722,169,169,436,621
fit statistic,8,1,0.0045045045045045045,9,0.0003389773961398035,0.0,841,841,1552,841
fixed,1,2,0.008508508508508508,18,0.0005559859412010014,0.0008665537848291578,756,169,835,747
fixed number,4,1,0.0045045045045045045,9,0.0003448408349201775,0.0,841,841,1368,841
fixed sensor,7,1,0.0045045045045045045,9,0.0003482946346312535,0.0,841,841,1277,841
fl,6,4,0.015515515515515516,36,0.001033621538244947,0.005396969377085914,84,43,85,99
flexibility,4,1,0.0045045045045045045,9,0.00032327446289255076,0.0,841,841,1915,841
flow dataset,5,2,0.008508508508508508,18,0.0005915933570751607,0.0007038092786693075,756,169,645,788
flow datasets,1,1,0.0045045045045045045,9,0.00035854123153371346,0.0,841,841,1087,841
flow forecasting play,3,1,0.0045045045045045045,9,0.0003862948528602388,0.0,841,841,916,841
flow information,6,2,0.009009009009009009,18,0.0006265385583529698,0.001244514163635727,169,169,298,625
flow management,1,1,0.0045045045045045045,9,0.00033087326658329323,0.0,841,841,1771,841
flow observation,4,2,0.009009009009009009,18,0.000601822295907035,0.0027164981125943235,169,169,536,197
flow prediction,1,10,0.04354354354354354,90,0.002742063154069064,0.04748528901887463,2,2,2,2
flow value,5,2,0.009009009009009009,18,0.0006264538071766246,0.0013719209231711782,169,169,300,568
flow volume,7,2,0.009009009009009009,18,0.0006325255742348594,0.0009103084654261376,169,169,264,737
fluctuation,8,3,0.013513513513513514,27,0.0008882027546911419,0.0037320734346583547,86,86,99,152
fold,6,1,0.0045045045045045045,9,0.00032163876853404436,0.0,841,841,1934,841
forecast,1,2,0.009009009009009009,18,0.0006321802774680426,0.0014570305023809715,169,169,265,521
forecast accuracy,8,2,0.009009009009009009,18,0.0005885343578209012,0.001690393546801614,169,169,667,401
forecast traffic,6,1,0.0045045045045045045,9,0.00033524156084571217,0.0,841,841,1654,841
forecasting benchmark,7,2,0.009009009009009009,18,0.0006258188777104807,0.0014287980732497747,169,169,303,538
forecasting horizon,1,1,0.0045045045045045045,9,0.00033443092975022677,0.0,841,841,1679,841
forecasting problem,1,1,0.0045045045045045045,9,0.00035854123153371346,0.0,841,841,1087,841
forecasting requires,2,2,0.009009009009009009,18,0.0005979087507911097,0.0017895414535485307,169,169,596,362
forecasting research,6,2,0.009009009009009009,18,0.0006141044341864694,0.0016678873411672531,169,169,392,411
forecasting traffic speed,3,2,0.009009009009009009,18,0.000609188893249653,0.0013542493981264468,169,169,443,575
forgetting,7,2,0.009009009009009009,18,0.000589224141103778,0.0020743084966504104,169,169,660,295
forward,1,2,0.009009009009009009,18,0.000583508097935154,0.000928778210991748,169,169,711,734
fourier,10,2,0.009009009009009009,18,0.0005995696055101741,0.001127587130470674,169,169,570,673
frame,7,1,0.0045045045045045045,9,0.0003830419338418781,0.0,841,841,934,841
free,5,2,0.009009009009009009,18,0.000615145952548549,0.0011569409986381912,169,169,380,662
free fl,8,1,0.0045045045045045045,9,0.00032756455156528446,0.0,841,841,1824,841
free flow,2,2,0.008508508508508508,18,0.0006522249119475704,0.0013259912423419999,756,169,211,589
freeway traffic,1,2,0.009009009009009009,18,0.0006071993726667326,0.0017701750416981008,169,169,477,370
frequency,6,2,0.009009009009009009,18,0.0005697553585269204,0.0021528207486348192,169,169,803,266
frequency data,8,2,0.009009009009009009,18,0.0006502463331737723,0.002327768367060419,169,169,213,233
frequency domain,1,3,0.013013013013013013,27,0.0008524338529761507,0.004719033946391219,141,86,136,120
frozen,8,1,0.0045045045045045045,9,0.0003633446691656357,0.0,841,841,1049,841
functional,4,1,0.0045045045045045045,9,0.0003477128116796051,0.0,841,841,1298,841
functional class,8,1,0.0045045045045045045,9,0.0003633446691656357,0.0,841,841,1049,841
fundamental challenge,7,1,0.0045045045045045045,9,0.0003839510610379625,0.0,841,841,927,841
fuse,3,1,0.0045045045045045045,9,0.0003508174822844841,0.0,841,841,1202,841
fusion,2,1,0.0045045045045045045,9,0.0003374491239073455,0.0,841,841,1594,841
fusion graph,1,1,0.0045045045045045045,9,0.00035019405785219565,0.0,841,841,1229,841
fusion graph convolution,10,1,0.0045045045045045045,9,0.00033564666916808937,0.0,841,841,1643,841
fusion module,2,1,0.0045045045045045045,9,0.0003303327687402318,0.0,841,841,1792,841
fusion operation,1,1,0.0045045045045045045,9,0.00035019405785219565,0.0,841,841,1229,841
future flow,1,2,0.009009009009009009,18,0.0006293825589545468,0.0013740013637075386,169,169,283,565
future research direction,2,1,0.0045045045045045045,9,0.0003160349203845075,0.0,841,841,1968,841
future time,8,1,0.0045045045045045045,9,0.0003378570927939625,0.0,841,841,1575,841
future traffic flow,1,1,0.0045045045045045045,9,0.0003199885961460916,0.0,841,841,1941,841
future traffic state,3,1,0.0045045045045045045,9,0.00033053379241478444,0.0,841,841,1785,841
gap,7,2,0.009009009009009009,18,0.0005912423783724786,0.0033171312226258284,169,169,649,167
gat,3,2,0.009009009009009009,18,0.0005805789586722488,0.001147997670470197,169,169,747,664
gate,3,1,0.0045045045045045045,9,0.00033469424015646884,0.0,841,841,1672,841
gate recurrent,8,2,0.009009009009009009,18,0.0006302353778416559,0.0014312878028801522,169,169,277,532
gated activation,3,1,0.0045045045045045045,9,0.00036398076735259154,0.0,841,841,1032,841
gated recurrent,1,2,0.008508508508508508,18,0.0005633761774759801,0.0008161085478996365,756,169,821,766
gated recurrent unit,4,1,0.0045045045045045045,9,0.0003441775753769005,0.0,841,841,1394,841
gated temporal convolution,1,1,0.0045045045045045045,9,0.0003501754748964412,0.0,841,841,1234,841
gathering,1,1,0.0045045045045045045,9,0.0003739286444084564,0.0,841,841,975,841
gaussian,10,1,0.0045045045045045045,9,0.00034432985747182,0.0,841,841,1389,841
gc,8,2,0.009009009009009009,18,0.0006339011187391745,0.002034183352179797,169,169,256,302
gcgrnn,1,1,0.0045045045045045045,9,0.0003219530686391498,0.0,841,841,1929,841
gcn,6,3,0.013513513513513514,27,0.0008848753317045034,0.005102214271316876,86,86,102,108
gcns,1,3,0.013513513513513514,27,0.0008082770393823467,0.004074634870380237,86,86,167,138
gcrn,1,3,0.012512512512512512,27,0.0008376495976690353,0.003951146438883744,154,86,152,143
general,4,1,0.0045045045045045045,9,0.00035016297210492526,0.0,841,841,1239,841
generalisation,7,1,0.0045045045045045045,9,0.0003839510610379625,0.0,841,841,927,841
generalization,9,3,0.013513513513513514,27,0.0009509328113165229,0.00662795903164536,86,86,86,81
generate,1,1,0.0045045045045045045,9,0.00034600858222879726,0.0,841,841,1331,841
generate accurate,1,1,0.0045045045045045045,9,0.00032485275796798193,0.0,841,841,1879,841
generate adversarial,7,1,0.0045045045045045045,9,0.0003279835064666862,0.0,841,841,1814,841
generation,4,1,0.0045045045045045045,9,0.0003450342067334875,0.0,841,841,1362,841
generation module,8,1,0.0045045045045045045,9,0.0003261577095149525,0.0,841,841,1855,841
geo,7,2,0.009009009009009009,18,0.0005983035116104093,0.002974442510567997,169,169,586,181
geographic,1,1,0.0045045045045045045,9,0.0003339099342232287,0.0,841,841,1684,841
geographical,5,1,0.0045045045045045045,9,0.0003402453641199712,0.0,841,841,1511,841
geographical location,3,1,0.0045045045045045045,9,0.0003220551659707275,0.0,841,841,1928,841
geographically,1,1,0.0045045045045045045,9,0.00033626961626574236,0.0,841,841,1617,841
geometric,2,1,0.0045045045045045045,9,0.0003498510563145086,0.0,841,841,1253,841
given,1,1,0.0045045045045045045,9,0.00035019405785219565,0.0,841,841,1229,841
global,1,1,0.0045045045045045045,9,0.0003109734333406502,0.0,841,841,1991,841
global attention,1,1,0.0045045045045045045,9,0.00033840543564258446,0.0,841,841,1567,841
global dynamic,4,1,0.0045045045045045045,9,0.00033389517997307,0.0,841,841,1687,841
global node,4,2,0.009009009009009009,18,0.0006159726894801452,0.0016222641829184835,169,169,369,435
global spatio,10,1,0.0045045045045045045,9,0.0003686494656052121,0.0,841,841,981,841
global temporal,6,2,0.009009009009009009,18,0.000587341591063815,0.001467564481827206,169,169,676,514
global temporal pattern,4,2,0.009009009009009009,18,0.000578385170745739,0.0017151006516807972,169,169,763,392
global traffic,3,2,0.009009009009009009,18,0.0006231550409364104,0.0015373195971433297,169,169,318,471
globally,1,2,0.009009009009009009,18,0.0005886745878240201,0.0013410989783138386,169,169,664,584
gman,5,1,0.0045045045045045045,9,0.00034132556977344795,0.0,841,841,1490,841
gnn,4,7,0.031031031031031032,63,0.001926426709888931,0.02745318894088159,9,7,10,8
gnn architecture,3,1,0.0045045045045045045,9,0.00033053379241478444,0.0,841,841,1785,841
gnns,5,4,0.018018018018018018,36,0.0011924686403582232,0.010627214353209338,43,43,47,39
gp,10,2,0.009009009009009009,18,0.0006071832233069976,0.0019358299147307077,169,169,478,320
gpu,9,1,0.0045045045045045045,9,0.000356904273183003,0.0,841,841,1109,841
gpu memory,5,2,0.009009009009009009,18,0.0006016398890699189,0.0014304232071402185,169,169,541,535
gradient descent,7,1,0.0045045045045045045,9,0.00034481051658759245,0.0,841,841,1372,841
grained,1,2,0.009009009009009009,18,0.0005773387243025739,0.0008874754565186924,169,169,770,742
grained temporal,6,2,0.009009009009009009,18,0.0005982456801192434,0.0012576057490025733,169,169,587,618
grained traffic speed,5,1,0.0045045045045045045,9,0.0003244624435874449,0.0,841,841,1894,841
granger causality,3,2,0.009009009009009009,18,0.0005997165051434298,0.001274870379874086,169,169,569,611
granularity,1,1,0.0045045045045045045,9,0.00032889112296148566,0.0,841,841,1804,841
graph attention,6,4,0.018018018018018018,36,0.0011738290786213006,0.010277327479121315,43,43,49,43
graph attention network,4,2,0.009009009009009009,18,0.0006052454564140219,0.0016392963703910817,169,169,493,425
graph construction,1,1,0.0045045045045045045,9,0.0003316351441010876,0.0,841,841,1762,841
graph convolution,6,2,0.009009009009009009,18,0.0006306695143977477,0.0012155855211866155,169,169,272,636
graph convolution module,1,2,0.009009009009009009,18,0.0006189069852599257,0.0010625069494819605,169,169,350,694
graph convolution network,10,4,0.018018018018018018,36,0.0011374057704565507,0.008068454793276688,43,43,58,64
graph convolutional network,6,6,0.024524524524524523,54,0.0016044594349109201,0.022970036010916167,20,13,16,12
graph convolutional recurrent,1,5,0.02052052052052052,45,0.001346574484232055,0.006523527760366434,39,22,37,84
graph data,5,1,0.0045045045045045045,9,0.000403889903106254,0.0,841,841,865,841
graph diffusion,4,1,0.0045045045045045045,9,0.00032767810573267097,0.0,841,841,1822,841
graph embedding,2,2,0.009009009009009009,18,0.000593692012409692,0.0011797548528833547,169,169,632,650
graph enhanced,9,2,0.009009009009009009,18,0.0006593479682280456,0.0028113665718686783,169,169,205,191
graph fusion,5,2,0.009009009009009009,18,0.0005976239569466488,0.0013677129228914155,169,169,599,571
graph learner,6,2,0.009009009009009009,18,0.000602280985332169,0.0011477511829465724,169,169,526,666
graph learning,6,5,0.022022022022022022,45,0.001330468759799877,0.00941444713535867,27,22,39,48
graph network,5,2,0.009009009009009009,18,0.0006221475487211709,0.0011692462045528077,169,169,323,655
graph neural network,9,1,0.0045045045045045045,9,0.00035352384199219093,0.0,841,841,1150,841
graph neural ode,8,1,0.0045045045045045045,9,0.0003590501349140165,0.0,841,841,1082,841
graph node,4,2,0.009009009009009009,18,0.0006039567697049377,0.0017367605143043545,169,169,506,379
graph operation,3,2,0.009009009009009009,18,0.0005893295215547937,0.001029851635962024,169,169,659,706
graph pruning,6,1,0.0045045045045045045,9,0.00031753236432410125,0.0,841,841,1958,841
graph reconstruction,5,1,0.0045045045045045045,9,0.0003745983971676637,0.0,841,841,963,841
graph recurrent,1,2,0.008508508508508508,18,0.0005637998742520179,0.0007522117257900959,756,169,820,781
graph spatial,1,2,0.009009009009009009,18,0.000587599756174543,0.0013738245850477516,169,169,674,566
graph structure,1,4,0.016516516516516516,36,0.0010579328759089902,0.00933987602748772,81,43,82,50
graph structure learning,6,2,0.009009009009009009,18,0.0006150073363212649,0.001339688246115443,169,169,381,585
graph transfer,7,1,0.0045045045045045045,9,0.00036362127891809745,0.0,841,841,1043,841
graph transformer,1,3,0.013013013013013013,27,0.0008682611231712788,0.0065829642678336105,141,86,120,83
graph wavelet,3,2,0.009009009009009009,18,0.0005885858686597034,0.0015573826150363577,169,169,666,463
graph wavenet,9,2,0.009009009009009009,18,0.0007194503541595708,0.001684837670946251,169,169,170,403
great potential,1,2,0.009009009009009009,18,0.000572230139958215,0.0010928016982507394,169,169,796,685
great progress,7,1,0.0045045045045045045,9,0.00036362127891809745,0.0,841,841,1043,841
great significance,1,1,0.0045045045045045045,9,0.0003339099342232287,0.0,841,841,1684,841
greatly,1,1,0.0045045045045045045,9,0.00033077842658775963,0.0,841,841,1778,841
grey,10,1,0.0045045045045045045,9,0.0003407037226625444,0.0,841,841,1501,841
grid,5,1,0.0045045045045045045,9,0.0003402453641199712,0.0,841,841,1511,841
group,8,2,0.009009009009009009,18,0.0005822438391546196,0.0018280189280057842,169,169,726,350
growing,5,1,0.0045045045045045045,9,0.0003361358815671542,0.0,841,841,1621,841
gru,4,2,0.009009009009009009,18,0.0006147340249504393,0.001445872026022006,169,169,385,525
guided,1,2,0.009009009009009009,18,0.0005816777294489343,0.0013449772163311676,169,169,735,580
guided spatiotemporal,2,2,0.009009009009009009,18,0.0006220402482156602,0.0023783505610180705,169,169,324,224
hand,8,4,0.018018018018018018,36,0.0011276815192553906,0.010619817335263975,43,43,62,40
handle,1,1,0.0045045045045045045,9,0.00035854123153371346,0.0,841,841,1087,841
harnessing,7,1,0.0045045045045045045,9,0.0003830419338418781,0.0,841,841,934,841
head attention mechanism,1,1,0.0045045045045045045,9,0.0003273740959585656,0.0,841,841,1831,841
head self,6,1,0.0045045045045045045,9,0.00031829984911248147,0.0,841,841,1949,841
helpful,1,1,0.0045045045045045045,9,0.00032166866208357974,0.0,841,841,1931,841
helping,2,1,0.0045045045045045045,9,0.0003303327687402318,0.0,841,841,1792,841
heterogeneity,1,2,0.009009009009009009,18,0.0005562162832433424,0.001737332452637395,169,169,834,378
heterogeneous,8,1,0.0045045045045045045,9,0.0003457002479490968,0.0,841,841,1343,841
heterogeneous graph,1,3,0.013513513513513514,27,0.0008413311956408996,0.004870398756577361,86,86,149,114
heterogeneous temporal,6,1,0.0045045045045045045,9,0.0003330698067944261,0.0,841,841,1714,841
heterogeneous traffic,5,1,0.0045045045045045045,9,0.00035259740140725245,0.0,841,841,1165,841
heuristic,4,1,0.0045045045045045045,9,0.00034371156838465587,0.0,841,841,1406,841
hidden,2,1,0.0045045045045045045,9,0.0003858048077598836,0.0,841,841,920,841
hidden spatial,1,1,0.0045045045045045045,9,0.00030998527978474104,0.0,841,841,1993,841
hidden spatial temporal,1,1,0.0045045045045045045,9,0.00035019405785219565,0.0,841,841,1229,841
hierarchical,1,3,0.013513513513513514,27,0.000852203989721962,0.006482849757144216,86,86,137,85
hierarchical information,4,1,0.0045045045045045045,9,0.0003395006536945685,0.0,841,841,1528,841
hierarchical spatiotemporal,4,1,0.0045045045045045045,9,0.0003451253119763605,0.0,841,841,1353,841
hierarchy,4,2,0.009009009009009009,18,0.0006160637947230183,0.0012035789510831973,169,169,367,643
high complexity,4,1,0.0045045045045045045,9,0.00035473154390683185,0.0,841,841,1130,841
high computational cost,10,2,0.009009009009009009,18,0.000594015818751634,0.00107311758353588,169,169,631,690
high computational overhead,5,2,0.009009009009009009,18,0.000611960929151511,0.0021112540937287655,169,169,415,281
high efficiency,7,2,0.009009009009009009,18,0.0006018747463934301,0.0021461474562509265,169,169,535,271
high frequency,5,3,0.013513513513513514,27,0.0008467557183919804,0.005096045812775078,86,86,146,109
high resolution,7,2,0.009009009009009009,18,0.0006437435954626336,0.002067593081783545,169,169,228,296
high resolution traffic,3,1,0.0045045045045045045,9,0.0003332355967832847,0.0,841,841,1710,841
high sparsity,3,2,0.008508508508508508,18,0.0005998601830238919,0.0015226081050841275,756,169,566,485
high traffic,1,1,0.0045045045045045045,9,0.0003335395508600292,0.0,841,841,1693,841
higher accuracy,9,2,0.009009009009009009,18,0.000702213264481042,0.0034489080855329467,169,169,172,163
higher level,4,1,0.0045045045045045045,9,0.0003448408349201775,0.0,841,841,1368,841
highly,9,1,0.0045045045045045045,9,0.0003798988509895071,0.0,841,841,946,841
highly dynamic,8,1,0.0045045045045045045,9,0.00034220121688223996,0.0,841,841,1450,841
highly suitable,2,1,0.0045045045045045045,9,0.000338993848286096,0.0,841,841,1547,841
highway,5,2,0.009009009009009009,18,0.000610061419342274,0.0021942640925124114,169,169,435,258
highway network,6,1,0.0045045045045045045,9,0.00033524156084571217,0.0,841,841,1654,841
highway traffic,6,1,0.0045045045045045045,9,0.00033524156084571217,0.0,841,841,1654,841
highway traffic flow,7,1,0.0045045045045045045,9,0.0003478505421894477,0.0,841,841,1289,841
highway transportation,5,1,0.0045045045045045045,9,0.0003422789709431048,0.0,841,841,1443,841
historical data,3,1,0.0045045045045045045,9,0.0003505520884307817,0.0,841,841,1208,841
historical information,6,2,0.009009009009009009,18,0.0006095905315874043,0.0012666609100636594,169,169,439,614
historical sequence,2,2,0.009009009009009009,18,0.0006128235147589141,0.0020833782767016628,169,169,407,293
historical time,1,2,0.009009009009009009,18,0.000590838807639429,0.0019671321166861485,169,169,654,309
historical traffic,4,1,0.0045045045045045045,9,0.00033769988213753745,0.0,841,841,1587,841
historical traffic data,2,1,0.0045045045045045045,9,0.00031856287417575803,0.0,841,841,1947,841
hold,2,1,0.0045045045045045045,9,0.0003279240386994445,0.0,841,841,1817,841
hold significant,6,2,0.009009009009009009,18,0.0006108462836583837,0.0016911684207655791,169,169,428,400
holistic multi,2,1,0.0045045045045045045,9,0.0003510456623448017,0.0,841,841,1192,841
horizon traffic,6,2,0.009009009009009009,18,0.0005847243363555931,0.0023583655904414677,169,169,701,229
hot,3,1,0.0045045045045045045,9,0.00036494733335843,0.0,841,841,1026,841
hour,1,5,0.021521521521521522,45,0.0013804958853455363,0.01682506062163092,33,22,30,23
hour traffic,5,1,0.0045045045045045045,9,0.00035259740140725245,0.0,841,841,1165,841
household,8,1,0.0045045045045045045,9,0.0003912439525563985,0.0,841,841,901,841
human activity,8,2,0.009009009009009009,18,0.0006528695342946115,0.0037677644096383474,169,169,208,149
human mobility,1,1,0.0045045045045045045,9,0.000313245857026191,0.0,841,841,1982,841
hurricane,5,2,0.008508508508508508,18,0.0005843503559897683,0.000616983771110367,756,169,705,796
hurricane evacuation,5,2,0.009009009009009009,18,0.0006021539074918278,0.0012237772976665944,169,169,528,631
hybrid,5,5,0.022022022022022022,45,0.0013765341865136999,0.01146427975733525,27,22,32,34
hybrid deep,3,1,0.0045045045045045045,9,0.0003514787311112315,0.0,841,841,1183,841
hybrid graph,1,1,0.0045045045045045045,9,0.00032889112296148566,0.0,841,841,1804,841
hybrid periodic,5,1,0.0045045045045045045,9,0.00034209838720569973,0.0,841,841,1453,841
hyper,6,1,0.0045045045045045045,9,0.0003268193429116566,0.0,841,841,1842,841
hypergraph structure,2,1,0.0045045045045045045,9,0.00035252938527283417,0.0,841,841,1170,841
identification,5,1,0.0045045045045045045,9,0.0003327814320645058,0.0,841,841,1721,841
identified,1,1,0.0045045045045045045,9,0.0003340279232063302,0.0,841,841,1680,841
identifies,5,1,0.0045045045045045045,9,0.0003745983971676637,0.0,841,841,963,841
identifying,4,1,0.0045045045045045045,9,0.0003417238928954397,0.0,841,841,1478,841
identity,1,1,0.0045045045045045045,9,0.00032262186320394207,0.0,841,841,1921,841
ignore,1,1,0.0045045045045045045,9,0.00031700977228899896,0.0,841,841,1964,841
illustrate,1,1,0.0045045045045045045,9,0.0003391726983190417,0.0,841,841,1540,841
impact,1,3,0.012012012012012012,27,0.0008601378215217309,0.004303145924151303,160,86,127,131
impact traffic,3,1,0.0045045045045045045,9,0.00032552961271637354,0.0,841,841,1860,841
impacted,5,1,0.0045045045045045045,9,0.000330795789589859,0.0,841,841,1775,841
imperfect,2,1,0.0045045045045045045,9,0.000331287648618588,0.0,841,841,1768,841
implicit,5,2,0.009009009009009009,18,0.0005995461555292458,0.001950078968902019,169,169,572,317
importance,5,2,0.009009009009009009,18,0.0005940300664620324,0.0021409236653542967,169,169,630,274
important tool,5,2,0.009009009009009009,18,0.0006263142014024465,0.001743626507574967,169,169,301,376
improve prediction accuracy,6,2,0.009009009009009009,18,0.0005887448623255302,0.001090865783211317,169,169,663,686
improve traffic flow,2,1,0.0045045045045045045,9,0.00034510748976035856,0.0,841,841,1357,841
improved predictive,5,1,0.0045045045045045045,9,0.00034042651967094566,0.0,841,841,1506,841
improved real,6,1,0.0045045045045045045,9,0.00031978224377020043,0.0,841,841,1942,841
improves,1,1,0.0045045045045045045,9,0.0003288550761206969,0.0,841,841,1808,841
improves long,2,2,0.009009009009009009,18,0.0005741377273565791,0.0015312790262300723,169,169,789,475
improving overall,5,2,0.009009009009009009,18,0.0006035576584531771,0.003865929852782362,169,169,509,146
improving traffic,7,1,0.0045045045045045045,9,0.0003946477528084617,0.0,841,841,887,841
improving urban,10,1,0.0045045045045045045,9,0.00033564666916808937,0.0,841,841,1643,841
imputation,3,1,0.0045045045045045045,9,0.0003514787311112315,0.0,841,841,1183,841
inaccurate,7,1,0.0045045045045045045,9,0.00033313801146411104,0.0,841,841,1713,841
incident,2,3,0.013513513513513514,27,0.0008676329898792046,0.004579889628749303,86,86,121,124
include node,8,2,0.009009009009009009,18,0.0006398167049512124,0.0012868056085363786,169,169,237,606
including graph convolutional,9,2,0.008508508508508508,18,0.0006490547756189352,0.0007994433835268868,756,169,217,772
incoming traffic,6,2,0.008508508508508508,18,0.0005817180501228043,0.0008158356954799914,756,169,732,768
incomplete,3,1,0.0045045045045045045,9,0.0003514787311112315,0.0,841,841,1183,841
incorporate,2,1,0.0045045045045045045,9,0.0003456578083274411,0.0,841,841,1345,841
incorporate spatial,4,2,0.009009009009009009,18,0.0006125985213440905,0.0017734238485791717,169,169,409,368
incorporate temporal,1,2,0.009009009009009009,18,0.0006047296723526654,0.0015774400261106675,169,169,496,454
incorporates,1,1,0.0045045045045045045,9,0.0003335395508600292,0.0,841,841,1693,841
incorporating geographical,1,1,0.0045045045045045045,9,0.00033626961626574236,0.0,841,841,1617,841
increase,5,1,0.0045045045045045045,9,0.000403889903106254,0.0,841,841,865,841
increasingly complex,1,1,0.0045045045045045045,9,0.00033333543185368506,0.0,841,841,1703,841
increasingly critical,6,2,0.009009009009009009,18,0.000584111508910634,0.0013704762506920759,169,169,708,569
incremental,1,1,0.0045045045045045045,9,0.0003488239192326877,0.0,841,841,1262,841
incrementally,6,1,0.0045045045045045045,9,0.00033049797730051446,0.0,841,841,1788,841
independent,6,1,0.0045045045045045045,9,0.0003351413155344436,0.0,841,841,1658,841
indicate significant,2,1,0.0045045045045045045,9,0.0003858048077598836,0.0,841,841,920,841
indicated,4,1,0.0045045045045045045,9,0.0003515097597536167,0.0,841,841,1179,841
indicating,5,1,0.0045045045045045045,9,0.00035259740140725245,0.0,841,841,1165,841
individual,6,1,0.0045045045045045045,9,0.00031978224377020043,0.0,841,841,1942,841
inductive,5,2,0.009009009009009009,18,0.0006225506657606648,0.0012069634778333505,169,169,321,641
inference,5,5,0.022022022022022022,45,0.001429914913604836,0.013846527724668734,27,22,25,25
inference time,2,2,0.009009009009009009,18,0.000597652406463292,0.002199648232753945,169,169,598,255
influence,10,1,0.0045045045045045045,9,0.0003686494656052121,0.0,841,841,981,841
information,3,1,0.0045045045045045045,9,0.0003862948528602388,0.0,841,841,916,841
information flow,1,2,0.009009009009009009,18,0.0006094766485184323,0.0016547383605885328,169,169,440,417
information remains,5,1,0.0045045045045045045,9,0.0003454211761541051,0.0,841,841,1349,841
informer,1,1,0.0045045045045045045,9,0.00033885962944470296,0.0,841,841,1555,841
inherent,1,2,0.009009009009009009,18,0.0005572246986505927,0.001710712480764056,169,169,831,395
inherently dynamic,1,1,0.0045045045045045045,9,0.00032540086952870885,0.0,841,841,1862,841
innovative traffic,1,2,0.009009009009009009,18,0.0005956366933302169,0.0014812359404264355,169,169,616,506
input data,3,2,0.009009009009009009,18,0.0006617511950783814,0.002991203425868125,169,169,199,180
input variable,3,1,0.0045045045045045045,9,0.00036494733335843,0.0,841,841,1026,841
insight,1,1,0.0045045045045045045,9,0.00033060462575273085,0.0,841,841,1781,841
inspired,1,1,0.0045045045045045045,9,0.00032490061015804354,0.0,841,841,1876,841
insufficient,7,2,0.009009009009009009,18,0.0006034349255759529,0.0025370634542603515,169,169,512,213
integral,6,1,0.0045045045045045045,9,0.0003363712591963444,0.0,841,841,1614,841
integrate,6,1,0.0045045045045045045,9,0.00034823567538415346,0.0,841,841,1281,841
integrate spatial,5,1,0.0045045045045045045,9,0.0003407989854656965,0.0,841,841,1496,841
integrated,1,2,0.009009009009009009,18,0.0006017032139593148,0.001522322123575501,169,169,540,486
integrates adaptive,1,1,0.0045045045045045045,9,0.00036638525606934167,0.0,841,841,1009,841
integrates graph,6,1,0.0045045045045045045,9,0.00032297100880853183,0.0,841,841,1917,841
integrates spatial,2,2,0.009009009009009009,18,0.0006001764817377623,0.0007744742324883034,169,169,564,776
integrating,8,1,0.0045045045045045045,9,0.00033897739613980354,0.0,841,841,1551,841
integrating graph,6,1,0.0045045045045045045,9,0.00034823567538415346,0.0,841,841,1281,841
integration,4,1,0.0045045045045045045,9,0.00033778264345486774,0.0,841,841,1583,841
intelligent traffic,8,1,0.0045045045045045045,9,0.0003590501349140165,0.0,841,841,1082,841
intensity,10,1,0.0045045045045045045,9,0.00034671997057992475,0.0,841,841,1310,841
inter city,8,1,0.0045045045045045045,9,0.0003556253066698176,0.0,841,841,1114,841
inter node,4,2,0.009009009009009009,18,0.0006459685226776899,0.0012426047505703021,169,169,223,626
inter region,4,2,0.009009009009009009,18,0.0006146500511313135,0.0016811555513225164,169,169,386,405
interaction,1,2,0.009009009009009009,18,0.0005942242535196995,0.0014352645173136374,169,169,628,529
interactive,1,2,0.009009009009009009,18,0.0005888678714040467,0.0010249812943258444,169,169,662,707
interference,2,1,0.0045045045045045045,9,0.00034276270811725785,0.0,841,841,1424,841
interpret,4,1,0.0045045045045045045,9,0.00040991929184061896,0.0,841,841,850,841
interpretability,5,2,0.009009009009009009,18,0.000597329353556286,0.0018462113791165482,169,169,600,340
intersection,1,3,0.013513513513513514,27,0.0008726060468375063,0.005943446013326219,86,86,115,90
interstate traffic,8,2,0.008508508508508508,18,0.0005998684546204471,0.0008646560175018663,756,169,565,748
interval,1,2,0.009009009009009009,18,0.0006133162944478671,0.0018037945359955481,169,169,398,358
intricate spatio,5,1,0.0045045045045045045,9,0.000344356305932826,0.0,841,841,1384,841
intrinsic,1,1,0.0045045045045045045,9,0.0003488239192326877,0.0,841,841,1262,841
intrinsic dependency,8,2,0.009009009009009009,18,0.0006515080743750472,0.001621771956832063,169,169,212,436
introduced,7,1,0.0045045045045045045,9,0.000327257467308455,0.0,841,841,1834,841
intuitive,2,1,0.0045045045045045045,9,0.00033575758615161407,0.0,841,841,1635,841
irregular spatial,1,2,0.008008008008008008,18,0.0005706629223989573,0.00022048104517661323,809,169,800,833
irregular traffic,2,1,0.0045045045045045045,9,0.0003393291223266021,0.0,841,841,1534,841
joint,3,2,0.009009009009009009,18,0.0006019185606106186,0.0014913914951537174,169,169,533,501
joint graph,1,1,0.0045045045045045045,9,0.00031724588289935775,0.0,841,841,1962,841
jointly,1,1,0.0045045045045045045,9,0.00032484666732510685,0.0,841,841,1882,841
jointly modeled,2,1,0.0045045045045045045,9,0.000331287648618588,0.0,841,841,1768,841
key,9,1,0.0045045045045045045,9,0.00040532761256917575,0.0,841,841,858,841
key component,5,2,0.009009009009009009,18,0.0006053026180840563,0.0008400361221130888,169,169,491,757
key factor,5,1,0.0045045045045045045,9,0.00034209838720569973,0.0,841,841,1453,841
key idea,1,1,0.0045045045045045045,9,0.00032238657047370357,0.0,841,841,1924,841
knowledge,6,1,0.0045045045045045045,9,0.00037440140562638736,0.0,841,841,969,841
knowledge distillation,7,2,0.009009009009009009,18,0.0006019668780468463,0.002888605791722392,169,169,532,188
knowledge graph,4,2,0.009009009009009009,18,0.0006193834446118822,0.001541957848900885,169,169,345,469
knowledge learned,7,1,0.0045045045045045045,9,0.0003424534108746546,0.0,841,841,1431,841
knowledge transfer,2,2,0.0075075075075075074,18,0.0005980350909426625,0.0003745447313983545,823,169,590,823
lack interpretability,4,1,0.0045045045045045045,9,0.000341945333780411,0.0,841,841,1466,841
lane,4,2,0.009009009009009009,18,0.0006706609445125965,0.0019776500530410417,169,169,187,307
language,10,1,0.0045045045045045045,9,0.00034671997057992475,0.0,841,841,1310,841
large language,2,6,0.024524524524524523,54,0.0015927878823574133,0.012342078532119041,20,13,17,30
large road,9,1,0.0045045045045045045,9,0.00036071267338384316,0.0,841,841,1072,841
large scale network,5,2,0.009009009009009009,18,0.000612958081166748,0.001098368550496384,169,169,406,682
large scale real,1,1,0.0045045045045045045,9,0.0003350898785499002,0.0,841,841,1662,841
large scale road,7,1,0.0045045045045045045,9,0.0003624838791984727,0.0,841,841,1067,841
large scale traffic,1,4,0.016516516516516516,36,0.0011222513621572208,0.006778175486643745,81,43,64,80
large scale transportation,5,2,0.0065065065065065065,18,0.0005812562957625391,4.587836207252372e-05,836,169,740,836
largest,2,1,0.0045045045045045045,9,0.0003326420680437295,0.0,841,841,1728,841
latent graph,1,1,0.0045045045045045045,9,0.0003501754748964412,0.0,841,841,1234,841
latent pattern,2,1,0.0045045045045045045,9,0.00033575758615161407,0.0,841,841,1635,841
latent space,4,1,0.0045045045045045045,9,0.00034839911742995513,0.0,841,841,1272,841
latent spatial,4,2,0.009009009009009009,18,0.0006080176165863494,0.0009942232898182924,169,169,466,717
law,9,1,0.0045045045045045045,9,0.00039457535899841426,0.0,841,841,894,841
lay,2,1,0.0045045045045045045,9,0.00033575758615161407,0.0,841,841,1635,841
layer,3,1,0.0045045045045045045,9,0.0003361267682340627,0.0,841,841,1627,841
layer perceptrons,1,2,0.009009009009009009,18,0.0005888936293921889,0.0012515001553379595,169,169,661,624
leaf,1,2,0.009009009009009009,18,0.0005682649480713455,0.0017472196057503006,169,169,806,375
learn dynamic,1,1,0.0045045045045045045,9,0.0003316351441010876,0.0,841,841,1762,841
learnable matrix,8,2,0.009009009009009009,18,0.0005949882775868688,0.002138893665128245,169,169,627,275
learned,1,3,0.013513513513513514,27,0.0008920939295291475,0.0049598845564426,86,86,96,113
learned representation,3,1,0.0045045045045045045,9,0.00033664075568920764,0.0,841,841,1608,841
learning algorithm,8,1,0.0045045045045045045,9,0.0003912439525563985,0.0,841,841,901,841
learning architecture,2,1,0.0045045045045045045,9,0.00033575758615161407,0.0,841,841,1635,841
learning dynamic,1,2,0.009009009009009009,18,0.0005856948363571189,0.0009775581140424264,169,169,693,721
learning graph,1,1,0.0045045045045045045,9,0.0003121025267466123,0.0,841,841,1986,841
learning mechanism,6,2,0.008508508508508508,18,0.000583131710537305,0.0006007011483615525,756,169,717,797
learning strategy,1,1,0.0045045045045045045,9,0.00034600858222879726,0.0,841,841,1331,841
learning traffic prediction,2,2,0.009009009009009009,18,0.0006807402163790176,0.002624189201115658,169,169,180,205
learns,6,1,0.0045045045045045045,9,0.0003221657177389974,0.0,841,841,1926,841
length,1,1,0.0045045045045045045,9,0.0003243437961918171,0.0,841,841,1896,841
level decision,3,1,0.0045045045045045045,9,0.0003261701208116277,0.0,841,841,1852,841
level feature,6,1,0.0045045045045045045,9,0.00037440140562638736,0.0,841,841,969,841
level prediction,4,1,0.0045045045045045045,9,0.0003760025064029048,0.0,841,841,951,841
level traffic,4,2,0.009009009009009009,18,0.0006524745421884815,0.001043016463609023,169,169,210,703
life datasets,9,2,0.009009009009009009,18,0.0006257767748733518,0.0013616706247559288,169,169,304,573
lightweight,2,1,0.0045045045045045045,9,0.000331287648618588,0.0,841,841,1768,841
lightweight spatio,2,2,0.009009009009009009,18,0.000621821361444818,0.0013391039933073941,169,169,325,586
like traffic,1,2,0.009009009009009009,18,0.000596675469355209,0.0013775966413052396,169,169,606,561
likelihood,1,1,0.0045045045045045045,9,0.0003243437961918171,0.0,841,841,1896,841
likely,1,1,0.0045045045045045045,9,0.00032166866208357974,0.0,841,841,1931,841
limitation persist,5,2,0.009009009009009009,18,0.0005817832561332104,0.0017232559907983237,169,169,731,388
limited representation,1,1,0.0045045045045045045,9,0.00035019405785219565,0.0,841,841,1229,841
linear,1,2,0.008508508508508508,18,0.000571645326021473,0.00048325157694480744,756,169,799,808
linear computational,5,1,0.0045045045045045045,9,0.00033213610221902515,0.0,841,841,1754,841
linear layer,4,1,0.0045045045045045045,9,0.0003668044628394133,0.0,841,841,992,841
linear time,10,1,0.0045045045045045045,9,0.0003407037226625444,0.0,841,841,1501,841
linear traffic,3,1,0.0045045045045045045,9,0.0003508174822844841,0.0,841,841,1202,841
linearity,8,1,0.0045045045045045045,9,0.0003991391797309621,0.0,841,841,880,841
llm,2,5,0.02002002002002002,45,0.0013511252688474767,0.008340228968382702,40,22,35,60
llm backbone,2,2,0.009009009009009009,18,0.0005863513634678021,0.000826528750584983,169,169,684,762
local,1,2,0.008508508508508508,18,0.0006038711879010039,0.0004702884248198587,756,169,507,810
local information,1,1,0.0045045045045045045,9,0.00033060462575273085,0.0,841,841,1781,841
local pattern,3,1,0.0045045045045045045,9,0.00036330136449938376,0.0,841,841,1055,841
local spatial,8,1,0.0045045045045045045,9,0.0003991391797309621,0.0,841,841,880,841
localised,4,2,0.009009009009009009,18,0.0006162811237275207,0.0015126991620435038,169,169,366,492
locality,8,1,0.0045045045045045045,9,0.0003991391797309621,0.0,841,841,880,841
localized,5,1,0.0045045045045045045,9,0.00034938414989563367,0.0,841,841,1258,841
location,4,4,0.018018018018018018,36,0.0011935591144414171,0.01094838486558651,43,43,46,36
location data,5,1,0.0045045045045045045,9,0.000403889903106254,0.0,841,841,865,841
location specific,9,1,0.0045045045045045045,9,0.00038721384605624467,0.0,841,841,910,841
log likelihood,8,2,0.009009009009009009,18,0.0006378812430440681,0.0015288111887677405,169,169,244,478
long distance,1,2,0.009009009009009009,18,0.0006655810693793956,0.0010111174595229127,169,169,194,712
long forecasting,7,1,0.0045045045045045045,9,0.00034159522445829335,0.0,841,841,1481,841
long horizon,6,1,0.0045045045045045045,9,0.000330315498494972,0.0,841,841,1795,841
long range,1,5,0.02102102102102102,45,0.001359128341823332,0.01970544782507558,36,22,34,19
long range dependency,1,1,0.0045045045045045045,9,0.00035854123153371346,0.0,841,841,1087,841
long range temporal,3,1,0.0045045045045045045,9,0.000344951118842156,0.0,841,841,1364,841
long sequence,1,2,0.009009009009009009,18,0.000620491516348988,0.0009634423386700651,169,169,341,725
long short,4,2,0.008508508508508508,18,0.000630660400485311,0.0008325699239943036,756,169,273,760
long standing,1,2,0.009009009009009009,18,0.0005800756414146445,0.0009699921986244262,169,169,755,724
long term,7,2,0.009009009009009009,18,0.0006286227838335758,0.0016601740635892334,169,169,285,415
long term dependency,1,1,0.0045045045045045045,9,0.00032349871449920267,0.0,841,841,1909,841
long term forecasting,1,1,0.0045045045045045045,9,0.00033333543185368506,0.0,841,841,1703,841
long term information,1,1,0.0045045045045045045,9,0.0003739286444084564,0.0,841,841,975,841
long term prediction,1,3,0.013513513513513514,27,0.0008710040698876357,0.0032321458894019562,86,86,116,170
long term streaming,8,1,0.0045045045045045045,9,0.0003246483005875779,0.0,841,841,1889,841
long term temporal,1,2,0.009009009009009009,18,0.0006013259401421618,0.0017842102625707193,169,169,546,366
long term traffic,1,11,0.04604604604604605,99,0.002871771167083626,0.06674335164122741,1,1,1,1
long term trend,8,2,0.009009009009009009,18,0.0006027694212610126,0.0014714131484277369,169,169,519,513
longer,5,1,0.0045045045045045045,9,0.00033992028884987963,0.0,841,841,1523,841
longer time,1,1,0.0045045045045045045,9,0.0003553330210296027,0.0,841,841,1124,841
longterm,1,1,0.0045045045045045045,9,0.00033390993422322874,0.0,841,841,1683,841
loop detector,2,4,0.017517517517517518,36,0.0011542760328520957,0.008399232389490823,66,43,51,58
lora adapter,8,1,0.0045045045045045045,9,0.00036334466916563565,0.0,841,841,1052,841
loss function,3,2,0.009009009009009009,18,0.0006083071488813491,0.0013120571865896963,169,169,462,597
low accuracy,8,1,0.0045045045045045045,9,0.00032622940868611797,0.0,841,841,1851,841
low dimensional,2,2,0.009009009009009009,18,0.0006022092210152423,0.0013951577994491837,169,169,527,549
low rank,8,2,0.009009009009009009,18,0.0005767920047253762,0.001458226429345395,169,169,775,519
lower,1,1,0.0045045045045045045,9,0.0003270179390441081,0.0,841,841,1839,841
lower computational,1,1,0.0045045045045045045,9,0.00033060462575273085,0.0,841,841,1781,841
lstm,5,6,0.02702702702702703,54,0.0016648256740279326,0.02170079475517978,13,13,14,17
lstm customization,5,2,0.0065065065065065065,18,0.0005812562957625391,4.587836207252372e-05,836,169,740,836
lstm network,3,1,0.0045045045045045045,9,0.0003505520884307817,0.0,841,841,1208,841
m,9,2,0.009009009009009009,18,0.0006206147464400711,0.0021263207187591313,169,169,339,277
machine learning,1,5,0.02252252252252252,45,0.0014462861117058418,0.008942593212990823,22,22,22,52
macroscopic,5,1,0.0045045045045045045,9,0.00034050438207533376,0.0,841,841,1504,841
macroscopic traffic,8,2,0.009009009009009009,18,0.0006103212485224509,0.002523651936651817,169,169,433,215
mae,1,3,0.013513513513513514,27,0.0008502002568928607,0.003525482832563478,86,86,143,158
mae reduction,3,2,0.009009009009009009,18,0.0005911005166916311,0.0016323074194324325,169,169,652,431
main challenge,1,2,0.009009009009009009,18,0.000603536675993267,0.002117797465568287,169,169,510,279
main novelty,6,2,0.009009009009009009,18,0.000642210493874821,0.002096455379453233,169,169,231,289
mainly focused,2,1,0.0045045045045045045,9,0.0003545803121804435,0.0,841,841,1135,841
maintaining computational,5,1,0.0045045045045045045,9,0.00034303526528471704,0.0,841,841,1418,841
maintaining high,1,1,0.0045045045045045045,9,0.0003322979051932329,0.0,841,841,1747,841
maintenance,1,1,0.0045045045045045045,9,0.00033182095267870836,0.0,841,841,1757,841
maintenance cost,5,2,0.009009009009009009,18,0.0006393697611415678,0.0019127084462732336,169,169,239,326
major cause,8,2,0.009009009009009009,18,0.0005804299258314842,0.0018200437076719585,169,169,748,352
make,9,1,0.0045045045045045045,9,0.00038268491253830577,0.0,841,841,941,841
make prediction,3,2,0.009009009009009009,18,0.0005815196379888061,0.002100124509924891,169,169,737,288
make traffic,9,1,0.0045045045045045045,9,0.0003663325986737007,0.0,841,841,1016,841
mamba,5,4,0.018018018018018018,36,0.001103866591023473,0.0076438127644222675,43,43,73,68
mamba block,1,2,0.009009009009009009,18,0.0006205613754205195,0.0016838768917076744,169,169,340,404
mamba mechanism,1,1,0.0045045045045045045,9,0.00032273829029908857,0.0,841,841,1919,841
management scenario,3,2,0.009009009009009009,18,0.0006101827984108337,0.0016450438109617469,169,169,434,423
manhattan,10,1,0.0045045045045045045,9,0.0003467100408202343,0.0,841,841,1315,841
manual,9,1,0.0045045045045045045,9,0.00036071267338384316,0.0,841,841,1072,841
manually,2,2,0.009009009009009009,18,0.0006144883763993575,0.0018937033719528668,169,169,389,329
map movie,3,2,0.009009009009009009,18,0.0005881872351792855,0.0014334219148567852,169,169,669,531
markov,2,1,0.0045045045045045045,9,0.0003858048077598836,0.0,841,841,920,841
markovian,2,1,0.0045045045045045045,9,0.0003270959568897533,0.0,841,841,1837,841
masked,2,3,0.013513513513513514,27,0.0008703659540541667,0.0032295329151703885,86,86,118,171
masking,2,1,0.0045045045045045045,9,0.0003367206070180251,0.0,841,841,1604,841
matching,9,1,0.0045045045045045045,9,0.00040532761256917575,0.0,841,841,858,841
matrix,6,1,0.0045045045045045045,9,0.00035785920938160003,0.0,841,841,1093,841
matrix generation,8,1,0.0045045045045045045,9,0.0003261577095149525,0.0,841,841,1855,841
mean absolute,6,2,0.009009009009009009,18,0.0006426697262961411,0.0021580913174353783,169,169,230,265
mean square error,8,3,0.013013013013013013,27,0.0008860122944982753,0.00531333996722093,141,86,100,103
measurement,6,2,0.009009009009009009,18,0.0005798872278851563,0.0022866245414503382,169,169,756,242
mechanism enables,10,2,0.009009009009009009,18,0.0006039834443470504,0.0014094387186972595,169,169,504,545
medium,5,1,0.0045045045045045045,9,0.0003323541960691198,0.0,841,841,1744,841
megacrn,6,1,0.0045045045045045045,9,0.00033339403237273436,0.0,841,841,1697,841
memory,8,1,0.0045045045045045045,9,0.00034220121688223996,0.0,841,841,1450,841
memory augmented,7,1,0.0045045045045045045,9,0.0003440730578244192,0.0,841,841,1398,841
memory consumption,6,2,0.009009009009009009,18,0.0006275632417736847,0.0014065246961196935,169,169,291,546
memory network,9,1,0.0045045045045045045,9,0.00040532761256917575,0.0,841,841,858,841
message,2,2,0.009009009009009009,18,0.0006006459752657102,0.002373902344587684,169,169,557,225
message passing,4,3,0.013513513513513514,27,0.0008393871260476913,0.004081136105637396,86,86,151,137
meta,1,2,0.009009009009009009,18,0.0005731458684133878,0.0012531419680652108,169,169,795,623
meta knowledge,2,2,0.009009009009009009,18,0.0005794399587950066,0.001208288594320088,169,169,759,638
meta learning,2,3,0.013513513513513514,27,0.0008755210154925028,0.0034831815487339243,86,86,112,162
metr la,3,1,0.0045045045045045045,9,0.0003324052203310869,0.0,841,841,1741,841
metro,3,2,0.009009009009009009,18,0.000659933898794568,0.003300039544085759,169,169,203,168
micro,8,1,0.0045045045045045045,9,0.0003520727891713391,0.0,841,841,1175,841
microscopic traffic,4,1,0.0045045045045045045,9,0.00035051324883946314,0.0,841,841,1214,841
min,1,1,0.0045045045045045045,9,0.00035297188875826196,0.0,841,841,1160,841
mining spatio,3,1,0.0045045045045045045,9,0.000342252233160175,0.0,841,841,1447,841
minute,6,2,0.009009009009009009,18,0.0006432502163272463,0.0016032664537000598,169,169,229,445
missing,9,1,0.0045045045045045045,9,0.0003654478228597769,0.0,841,841,1021,841
missing data,3,1,0.0045045045045045045,9,0.00033664075568920764,0.0,841,841,1608,841
missing observation,4,1,0.0045045045045045045,9,0.00033333353492181485,0.0,841,841,1708,841
missing value,3,2,0.009009009009009009,18,0.0006334686485941025,0.0012624663650773835,169,169,257,615
mixer,1,2,0.009009009009009009,18,0.0005993036113769174,0.0016362644825531239,169,169,574,427
mixture,8,3,0.012012012012012012,27,0.0008289314722432869,0.002282860572422835,160,86,158,244
ml,1,1,0.0045045045045045045,9,0.0003344309297502268,0.0,841,841,1677,841
mlp,1,3,0.013013013013013013,27,0.0008611367084306048,0.003491971427895485,141,86,125,160
mlp mixer,9,1,0.0045045045045045045,9,0.00034132042035341824,0.0,841,841,1493,841
mlps,1,1,0.0045045045045045045,9,0.00032515789514686697,0.0,841,841,1871,841
mobility optimization,5,1,0.0045045045045045045,9,0.00033213610221902515,0.0,841,841,1754,841
modality,2,1,0.0045045045045045045,9,0.0003545803121804435,0.0,841,841,1135,841
modeling,1,1,0.0045045045045045045,9,0.00031820932486209595,0.0,841,841,1951,841
modeling paradigm,4,1,0.0045045045045045045,9,0.0003760025064029048,0.0,841,841,951,841
modeling spatial correlation,1,1,0.0045045045045045045,9,0.00033541761858173674,0.0,841,841,1646,841
modeling spatio,1,2,0.009009009009009009,18,0.0005694142819979407,0.0016358556065596613,169,169,805,429
modeling spatiotemporal,1,1,0.0045045045045045045,9,0.0003251135836357119,0.0,841,841,1874,841
modeling technique,8,1,0.0045045045045045045,9,0.0003324715699954703,0.0,841,841,1731,841
modelling,1,3,0.013513513513513514,27,0.000859514173407367,0.00562349887735615,86,86,128,93
modern traffic,5,1,0.0045045045045045045,9,0.0003745983971676637,0.0,841,841,963,841
module,3,1,0.0045045045045045045,9,0.000343525266927676,0.0,841,841,1414,841
momentum,2,1,0.0045045045045045045,9,0.0003417784365211632,0.0,841,841,1470,841
monitoring,2,1,0.0045045045045045045,9,0.0003545803121804435,0.0,841,841,1135,841
month,3,1,0.0045045045045045045,9,0.0003505520884307817,0.0,841,841,1208,841
motorway network,6,2,0.008508508508508508,18,0.0006145724992345588,0.0011397985478165677,756,169,387,668
motorway traffic,6,2,0.008508508508508508,18,0.0006145724992345588,0.0011397985478165677,756,169,387,668
movement,5,1,0.0045045045045045045,9,0.0003275253845088162,0.0,841,841,1826,841
movie forecasting,3,1,0.0045045045045045045,9,0.00033469424015646884,0.0,841,841,1672,841
mse,1,1,0.0045045045045045045,9,0.00035297188875826196,0.0,841,841,1160,841
mt,4,2,0.009009009009009009,18,0.0005920987700066269,0.0015111981427258108,169,169,640,493
mtl,8,2,0.009009009009009009,18,0.0005954526313610043,0.002363605436608406,169,169,621,228
multi attention,8,2,0.009009009009009009,18,0.0006365590502181452,0.0014450346028616785,169,169,248,527
multi channel,1,1,0.0045045045045045045,9,0.00033077842658775963,0.0,841,841,1778,841
multi context,1,2,0.009009009009009009,18,0.0005675053008235072,0.0012965119203553303,169,169,808,602
multi granularity,1,2,0.009009009009009009,18,0.00064173773265689,0.0020875953721773604,169,169,232,291
multi graph,5,1,0.0045045045045045045,9,0.000325387142428863,0.0,841,841,1865,841
multi graph convolution,1,2,0.009009009009009009,18,0.0005763105636982735,0.0011608950119352355,169,169,776,658
multi head,6,1,0.0045045045045045045,9,0.00031829984911248147,0.0,841,841,1949,841
multi horizon,6,1,0.0045045045045045045,9,0.000330315498494972,0.0,841,841,1795,841
multi level,6,2,0.009009009009009009,18,0.0006088689951194883,0.0015300217845498369,169,169,453,477
multi modal,1,1,0.0045045045045045045,9,0.0003543706248206399,0.0,841,841,1141,841
multi range,3,1,0.0045045045045045045,9,0.00036330136449938376,0.0,841,841,1055,841
multi scale,3,4,0.018018018018018018,36,0.0011100217275150591,0.01045212117677764,43,43,70,41
multi scale representation,1,1,0.0045045045045045045,9,0.00031251456017244354,0.0,841,841,1985,841
multi scale spatial,1,1,0.0045045045045045045,9,0.0003350018973969586,0.0,841,841,1666,841
multi scale spatiotemporal,5,1,0.0045045045045045045,9,0.0003407989854656965,0.0,841,841,1496,841
multi source,2,1,0.0045045045045045045,9,0.0003545803121804435,0.0,841,841,1135,841
multi step,7,1,0.0045045045045045045,9,0.0003554241656578997,0.0,841,841,1119,841
multi step traffic,1,1,0.0045045045045045045,9,0.0003219530686391498,0.0,841,841,1929,841
multi view,1,3,0.013513513513513514,27,0.0008248191660791158,0.0051813231940997535,86,86,160,106
multilayer perceptron,9,1,0.0045045045045045045,9,0.00034132042035341824,0.0,841,841,1493,841
multiple data,2,1,0.0045045045045045045,9,0.0003545803121804435,0.0,841,841,1135,841
multiple kind,6,2,0.009009009009009009,18,0.0006477845684588875,0.002294035927008307,169,169,219,240
multiple layer,4,2,0.009009009009009009,18,0.0006131696973311523,0.0016754173020091785,169,169,401,409
multiple level,3,2,0.009009009009009009,18,0.000574831910486868,0.000843375434445722,169,169,787,755
multiple perspective,9,2,0.009009009009009009,18,0.0006177810432115901,0.002367695929784553,169,169,355,227
multivariate,1,2,0.009009009009009009,18,0.0006462383360989372,0.001483512170950911,169,169,221,504
mutual information,5,1,0.0045045045045045045,9,0.0003745983971676637,0.0,841,841,963,841
na,9,1,0.0045045045045045045,9,0.00036071267338384316,0.0,841,841,1072,841
named spatio,1,2,0.009009009009009009,18,0.0005851817099815569,0.0008590910347145163,169,169,698,750
natural language processing,2,2,0.009009009009009009,18,0.0006682882991567747,0.0023108584503744823,169,169,189,237
near,1,1,0.0045045045045045045,9,0.0003444992686063138,0.0,841,841,1376,841
nearby,4,2,0.009009009009009009,18,0.000615877684177534,0.0016313604570821123,169,169,371,432
negative,7,2,0.009009009009009009,18,0.0005803112546476042,0.0021021954059018996,169,169,752,287
negative consequence,7,2,0.009009009009009009,18,0.000659223593324662,0.0021095211596299014,169,169,206,282
negative log,1,1,0.0045045045045045045,9,0.0003543706248206399,0.0,841,841,1141,841
neighborhood,2,1,0.0045045045045045045,9,0.00035252938527283417,0.0,841,841,1170,841
neighboring,2,1,0.0045045045045045045,9,0.000338993848286096,0.0,841,841,1547,841
net,3,8,0.03553553553553553,72,0.00220414733560195,0.03464297329777697,5,5,5,5
network architecture,7,1,0.0045045045045045045,9,0.00033739103753064605,0.0,841,841,1601,841
network data,3,1,0.0045045045045045045,9,0.0003261701208116277,0.0,841,841,1852,841
network datasets,8,1,0.0045045045045045045,9,0.0003267913014975289,0.0,841,841,1847,841
network level,4,1,0.0045045045045045045,9,0.0003417238928954397,0.0,841,841,1478,841
network level traffic,2,1,0.0045045045045045045,9,0.00033945298269491233,0.0,841,841,1530,841
network modeling,1,1,0.0045045045045045045,9,0.00032485275796798193,0.0,841,841,1879,841
network node,10,1,0.0045045045045045045,9,0.00034019141922584127,0.0,841,841,1515,841
network wide,7,2,0.009009009009009009,18,0.0006088150633491385,0.0021463995163483133,169,169,454,270
network wide toll,8,1,0.0045045045045045045,9,0.0003556253066698176,0.0,841,841,1114,841
network wide traffic,10,2,0.008008008008008008,18,0.0006248678404522484,0.0008241876827663651,809,169,311,763
neural architecture,9,2,0.008508508508508508,18,0.0006490547756189352,0.0007994433835268868,756,169,217,772
new,10,1,0.0045045045045045045,9,0.00032138861185927845,0.0,841,841,1937,841
new city,3,1,0.0045045045045045045,9,0.0003332355967832847,0.0,841,841,1710,841
new incoming,6,2,0.008508508508508508,18,0.0005817180501228043,0.0008158356954799914,756,169,732,768
new location,3,2,0.009009009009009009,18,0.0006192343198292086,0.0022887137274786085,169,169,346,241
new research,7,2,0.009009009009009009,18,0.0006676808063188444,0.002842009107593148,169,169,192,190
new spatial,6,2,0.009009009009009009,18,0.0006171625124135195,0.0012540593644547924,169,169,359,620
new traffic detector,4,1,0.0045045045045045045,9,0.00033639766414617187,0.0,841,841,1611,841
new york,9,1,0.0045045045045045045,9,0.00044041495779824336,0.0,841,841,841,841
node,1,3,0.013513513513513514,27,0.0008548642244536047,0.0040591120090935386,86,86,134,139
node accurately,8,1,0.0045045045045045045,9,0.0003991391797309621,0.0,841,841,880,841
node adaptive,8,1,0.0045045045045045045,9,0.00036334466916563565,0.0,841,841,1052,841
node embedding,1,1,0.0045045045045045045,9,0.0003444992686063138,0.0,841,841,1376,841
node embeddings,7,1,0.0045045045045045045,9,0.0003624838791984727,0.0,841,841,1067,841
node interaction,4,2,0.009009009009009009,18,0.000624198266571764,0.001486907143259826,169,169,314,503
node level,4,1,0.0045045045045045045,9,0.0003451253119763605,0.0,841,841,1353,841
node specific,7,2,0.009009009009009009,18,0.0006185578224693892,0.0011826042218888806,169,169,351,647
noise,5,2,0.009009009009009009,18,0.0006079302372039402,0.000767131995529642,169,169,467,778
noise induced,1,2,0.009009009009009009,18,0.0005814337882145969,0.0013075805032449273,169,169,738,599
noisy,6,1,0.0045045045045045045,9,0.00037440140562638736,0.0,841,841,969,841
non,5,1,0.0045045045045045045,9,0.00033992028884987963,0.0,841,841,1523,841
non linearity,5,1,0.0045045045045045045,9,0.0003407989854656965,0.0,841,841,1496,841
non stationary,3,1,0.0045045045045045045,9,0.0003236534372245937,0.0,841,841,1906,841
non traffic,2,2,0.009009009009009009,18,0.0006159831255230667,0.001445672817130171,169,169,368,526
nonlinear spatio,1,2,0.0075075075075075074,18,0.0006131263984140406,0.0005380407438116424,823,169,402,802
nonlinear time,10,1,0.0045045045045045045,9,0.00034432985747182,0.0,841,841,1389,841
number,4,1,0.0045045045045045045,9,0.00034839911742995513,0.0,841,841,1272,841
numerical,6,1,0.0045045045045045045,9,0.00036322060905760256,0.0,841,841,1061,841
observation,3,1,0.0045045045045045045,9,0.000342252233160175,0.0,841,841,1447,841
observed,5,2,0.009009009009009009,18,0.0005759535274334081,0.003157376498688325,169,169,778,174
obstacle,2,1,0.0045045045045045045,9,0.000350098037088237,0.0,841,841,1244,841
obtain,4,2,0.009009009009009009,18,0.0006110830449700378,0.001636524228226765,169,169,426,426
obtained,7,2,0.009009009009009009,18,0.0006041607207353549,0.0018336952944706516,169,169,502,346
occurring,2,1,0.0045045045045045045,9,0.000350098037088237,0.0,841,841,1244,841
ode,4,1,0.0045045045045045045,9,0.00033389517997307,0.0,841,841,1687,841
offer evidence,2,1,0.0045045045045045045,9,0.0003130521617205799,0.0,841,841,1984,841
online,9,4,0.018018018018018018,36,0.0011182791932605658,0.008013956933667363,43,43,67,65
online learning,6,1,0.0045045045045045045,9,0.00033049797730051446,0.0,841,841,1788,841
open,9,1,0.0045045045045045045,9,0.00039457535899841426,0.0,841,841,894,841
open data,9,1,0.0045045045045045045,9,0.00035352384199219093,0.0,841,841,1150,841
open question,5,1,0.0045045045045045045,9,0.00034938414989563367,0.0,841,841,1258,841
open research,4,1,0.0045045045045045045,9,0.00040991929184061896,0.0,841,841,850,841
operation,7,1,0.0045045045045045045,9,0.00034591226138424306,0.0,841,841,1336,841
operator,8,1,0.0045045045045045045,9,0.000309645570863077,0.0,841,841,1995,841
opportunity,7,1,0.0045045045045045045,9,0.0003946477528084617,0.0,841,841,887,841
optimizing,3,1,0.0045045045045045045,9,0.00034633552741447534,0.0,841,841,1323,841
optimizing traffic,1,2,0.009009009009009009,18,0.0005850493859344712,0.001628529177382056,169,169,700,433
optimizing transportation,5,1,0.0045045045045045045,9,0.0003575036173470864,0.0,841,841,1099,841
optimizing urban,7,1,0.0045045045045045045,9,0.000340096580428476,0.0,841,841,1519,841
outlier,2,1,0.0045045045045045045,9,0.000338993848286096,0.0,841,841,1547,841
outperformed,10,1,0.0045045045045045045,9,0.0003407037226625444,0.0,841,841,1501,841
outperformed baseline,10,2,0.008008008008008008,18,0.0006248678404522484,0.0008241876827663651,809,169,311,763
outperforming baseline,1,2,0.0075075075075075074,18,0.0006131263984140406,0.0005380407438116424,823,169,402,802
output,7,2,0.009009009009009009,18,0.0006115799542212308,0.0016214317961785122,169,169,420,437
outstanding,1,1,0.0045045045045045045,9,0.0003747293303697554,0.0,841,841,957,841
overcome,1,2,0.009009009009009009,18,0.000595551687493534,0.0010558420356789762,169,169,619,699
pair,8,2,0.009009009009009009,18,0.0006292169913111368,0.0014213266432987477,169,169,284,543
pairwise,2,2,0.009009009009009009,18,0.0006223726499675077,0.0020846742737718224,169,169,322,292
parameterised,6,1,0.0045045045045045045,9,0.0003509386197085235,0.0,841,841,1197,841
parametric generative,1,2,0.0075075075075075074,18,0.0005390260560746516,0.00019264898672644747,823,169,839,835
partial,5,1,0.0045045045045045045,9,0.000344356305932826,0.0,841,841,1384,841
partition,4,1,0.0045045045045045045,9,0.0003437115683846558,0.0,841,841,1408,841
pas,1,1,0.0045045045045045045,9,0.00032540086952870885,0.0,841,841,1862,841
past,6,1,0.0045045045045045045,9,0.0003221657177389974,0.0,841,841,1926,841
past traffic,1,1,0.0045045045045045045,9,0.00035297188875826196,0.0,841,841,1160,841
patch,1,3,0.012012012012012012,27,0.0008343986566442794,0.002897436550204646,160,86,154,187
patchstg,1,2,0.008008008008008008,18,0.0005706629223989573,0.00022048104517661323,809,169,800,833
path,3,2,0.009009009009009009,18,0.0005916616819249315,0.0017695787981686336,169,169,643,371
pattern bank,2,2,0.0075075075075075074,18,0.0005773601760163732,0.00026676240968506363,823,169,769,830
pattern driven,1,1,0.0045045045045045045,9,0.0003426117088728549,0.0,841,841,1427,841
pattern simultaneously,1,1,0.0045045045045045045,9,0.00033227264420497874,0.0,841,841,1751,841
pca,8,1,0.0045045045045045045,9,0.00032527256122662305,0.0,841,841,1868,841
pdformer,1,1,0.0045045045045045045,9,0.00031333432375148387,0.0,841,841,1980,841
pems bay,3,1,0.0045045045045045045,9,0.0003324052203310869,0.0,841,841,1741,841
pems district,8,1,0.0045045045045045045,9,0.00036379565139260797,0.0,841,841,1037,841
percent,5,2,0.009009009009009009,18,0.0006586336276270055,0.0027307498108915286,169,169,207,195
period traffic,5,2,0.008008008008008008,18,0.0005988835024107849,0.0004516263514570907,809,169,581,815
periodic,1,2,0.009009009009009009,18,0.0005661410683480726,0.0011608756489301108,169,169,816,659
periodic feature,9,2,0.009009009009009009,18,0.0006260419843726298,0.0017859587531500367,169,169,302,364
periodic pattern,5,2,0.009009009009009009,18,0.0006063176483222947,0.0014343598635818968,169,169,484,530
periodic regularity,2,1,0.0045045045045045045,9,0.0003456578083274411,0.0,841,841,1345,841
periodicity,4,1,0.0045045045045045045,9,0.00034503420673348756,0.0,841,841,1361,841
personalized,6,1,0.0045045045045045045,9,0.0003268193429116566,0.0,841,841,1842,841
perspective,9,1,0.0045045045045045045,9,0.00040532761256917575,0.0,841,841,858,841
perturbation,4,1,0.0045045045045045045,9,0.000341945333780411,0.0,841,841,1466,841
phase,7,2,0.009009009009009009,18,0.0006610891380391483,0.001422489343108006,169,169,201,541
physic,1,1,0.0045045045045045045,9,0.00032485275796798193,0.0,841,841,1879,841
physic aware,7,2,0.009009009009009009,18,0.0006027112788401115,0.002302910964002278,169,169,522,239
physical,1,2,0.009009009009009009,18,0.0005610918024742567,0.0013998304886803645,169,169,824,547
physical principle,4,1,0.0045045045045045045,9,0.00033333353492181485,0.0,841,841,1708,841
pivotal,6,1,0.0045045045045045045,9,0.0003504132270232911,0.0,841,841,1224,841
plan,1,1,0.0045045045045045045,9,0.00034133061386441664,0.0,841,841,1487,841
played,1,2,0.009009009009009009,18,0.0005980119866668402,0.0011862278402108397,169,169,593,645
point,1,2,0.009009009009009009,18,0.0005908880607981088,0.0012596799381640955,169,169,653,617
point prediction,2,1,0.0045045045045045045,9,0.00033240944194426903,0.0,841,841,1740,841
polynomial,9,1,0.0045045045045045045,9,0.00044041495779824336,0.0,841,841,841,841
pooling,7,1,0.0045045045045045045,9,0.00036639350502630107,0.0,841,841,1004,841
population,8,1,0.0045045045045045045,9,0.00033018775268612395,0.0,841,841,1797,841
position,3,2,0.009009009009009009,18,0.0005881126234738461,0.001811243200329396,169,169,671,356
position encoding,3,2,0.009009009009009009,18,0.0006384305027333177,0.001020874945604286,169,169,241,709
positional,1,1,0.0045045045045045045,9,0.0003553330210296027,0.0,841,841,1124,841
positional encoding,1,2,0.009009009009009009,18,0.000605694344816944,0.0014661591601112945,169,169,487,515
possess,1,1,0.0045045045045045045,9,0.0003553330210296027,0.0,841,841,1124,841
possible,5,1,0.0045045045045045045,9,0.00032535602312300493,0.0,841,841,1866,841
post,4,1,0.0045045045045045045,9,0.00033167911923246156,0.0,841,841,1759,841
post hoc,2,1,0.0045045045045045045,9,0.0003349822751355975,0.0,841,841,1671,841
posterior,1,2,0.009009009009009009,18,0.0005515886176546313,0.0008357434292047192,169,169,837,758
potent,8,1,0.0045045045045045045,9,0.00036379565139260797,0.0,841,841,1037,841
practical,7,1,0.0045045045045045045,9,0.00034481051658759245,0.0,841,841,1372,841
practical deployment,6,2,0.009009009009009009,18,0.0006091957916722694,0.000867931727746898,169,169,442,746
practical implication,4,2,0.009009009009009009,18,0.0006032531117799978,0.0016620182886499311,169,169,513,414
practical traffic management,1,1,0.0045045045045045045,9,0.00035125426368814793,0.0,841,841,1187,841
pre defined graph,1,2,0.009009009009009009,18,0.0006276218861773278,0.001376477567029152,169,169,290,563
pre trained,5,2,0.009009009009009009,18,0.0006319767116838927,0.0020620136039124397,169,169,266,297
pre training,2,4,0.017017017017017015,36,0.0011453368420749255,0.007351638469023737,74,43,55,72
predefined adjacency,10,1,0.0045045045045045045,9,0.00032138861185927845,0.0,841,841,1937,841
predict congestion,5,1,0.0045045045045045045,9,0.00034172868681294204,0.0,841,841,1475,841
predict evacuation,5,1,0.0045045045045045045,9,0.00033992028884987963,0.0,841,841,1523,841
predict future traffic,1,2,0.009009009009009009,18,0.0006043983139564429,0.0016169132738076352,169,169,499,439
predict network,10,1,0.0045045045045045045,9,0.0003467100408202343,0.0,841,841,1315,841
predict traffic,1,1,0.0045045045045045045,9,0.00033604073769548956,0.0,841,841,1629,841
predict traffic flow,7,1,0.0045045045045045045,9,0.00036639350502630107,0.0,841,841,1004,841
predicted,1,1,0.0045045045045045045,9,0.00034986761668324306,0.0,841,841,1248,841
predicted outcome,1,1,0.0045045045045045045,9,0.00035125426368814793,0.0,841,841,1187,841
predicted traffic flow,7,1,0.0045045045045045045,9,0.0003830419338418781,0.0,841,841,934,841
predicting long,1,2,0.008508508508508508,18,0.0005754794756681392,0.0003561916105613653,756,169,779,826
predicting traffic,3,2,0.009009009009009009,18,0.0006124120856550946,0.0018984146010266928,169,169,410,327
prediction accuracy,7,2,0.009009009009009009,18,0.0006493458739084614,0.001660125639033162,169,169,215,416
prediction application,9,2,0.009009009009009009,18,0.0006681117596807762,0.002095357977499089,169,169,190,290
prediction datasets,4,2,0.009009009009009009,18,0.0006098751165909967,0.0024104902737756818,169,169,437,222
prediction effect,4,1,0.0045045045045045045,9,0.00032327446289255076,0.0,841,841,1915,841
prediction error,1,1,0.0045045045045045045,9,0.00036799745615161876,0.0,841,841,987,841
prediction horizon,4,1,0.0045045045045045045,9,0.00035473154390683185,0.0,841,841,1130,841
prediction interval,2,2,0.009009009009009009,18,0.0005988295461319558,0.001938168661650948,169,169,584,319
prediction literature,9,2,0.009009009009009009,18,0.0007013365876466396,0.0011141261072887764,169,169,173,678
prediction network,1,1,0.0045045045045045045,9,0.00034146057397903913,0.0,841,841,1483,841
prediction time,1,1,0.0045045045045045045,9,0.00033077842658775963,0.0,841,841,1778,841
predictive,5,1,0.0045045045045045045,9,0.00034050438207533376,0.0,841,841,1504,841
predictive error,8,1,0.0045045045045045045,9,0.0003324549096956954,0.0,841,841,1735,841
predictive modeling,5,1,0.0045045045045045045,9,0.000330795789589859,0.0,841,841,1775,841
prerequisite,1,1,0.0045045045045045045,9,0.0003391726983190417,0.0,841,841,1540,841
presenting,1,1,0.0045045045045045045,9,0.0003181191326290086,0.0,841,841,1953,841
preserve,5,1,0.0045045045045045045,9,0.00034238770314304155,0.0,841,841,1442,841
pretrained,2,1,0.0045045045045045045,9,0.00031856287417575803,0.0,841,841,1947,841
previous,1,1,0.0045045045045045045,9,0.0003378522459852882,0.0,841,841,1578,841
previous state,8,1,0.0045045045045045045,9,0.0003267913014975289,0.0,841,841,1847,841
primarily relied,2,1,0.0045045045045045045,9,0.0003456578083274411,0.0,841,841,1345,841
principal component,1,1,0.0045045045045045045,9,0.0003426117088728549,0.0,841,841,1427,841
prior knowledge,8,2,0.008008008008008008,18,0.000582877431137196,0.0002842521472247829,809,169,718,829
prior work,1,1,0.0045045045045045045,9,0.0003553330210296027,0.0,841,841,1124,841
privacy,6,1,0.0045045045045045045,9,0.0003351413155344436,0.0,841,841,1658,841
privacy preserving,4,2,0.009009009009009009,18,0.0005970553908943855,0.0022684072754553613,169,169,605,248
proactive measure,1,1,0.0045045045045045045,9,0.000313245857026191,0.0,841,841,1982,841
proactive traffic,1,1,0.0045045045045045045,9,0.00036638525606934167,0.0,841,841,1009,841
probabilistic,1,2,0.009009009009009009,18,0.0006284201627455839,0.002037908854305752,169,169,286,301
probe vehicle,10,1,0.0045045045045045045,9,0.00034432985747182,0.0,841,841,1389,841
process,2,1,0.0045045045045045045,9,0.00032007809104347284,0.0,841,841,1939,841
produce,9,1,0.0045045045045045045,9,0.0003458421582256789,0.0,841,841,1340,841
produce high,6,1,0.0045045045045045045,9,0.00037440140562638736,0.0,841,841,969,841
product,5,2,0.009009009009009009,18,0.0006041369929280136,0.001607685276826723,169,169,503,443
prof,1,1,0.0045045045045045045,9,0.00036021459591885027,0.0,841,841,1077,841
profound implication,4,1,0.0045045045045045045,9,0.0003668044628394133,0.0,841,841,992,841
progressive,3,1,0.0045045045045045045,9,0.00036398076735259154,0.0,841,841,1032,841
prompt,2,2,0.009009009009009009,18,0.000582837937639227,0.0013474972860458452,169,169,720,578
prompt learning,5,1,0.0045045045045045045,9,0.0003575036173470864,0.0,841,841,1099,841
prompt tuning,2,1,0.0045045045045045045,9,0.0003466922232108842,0.0,841,841,1319,841
propagation,3,1,0.0045045045045045045,9,0.000344951118842156,0.0,841,841,1364,841
propagation delay,1,2,0.009009009009009009,18,0.0005804188219716624,0.002016374042777336,169,169,749,304
property,1,1,0.0045045045045045045,9,0.0003488239192326877,0.0,841,841,1262,841
provide,7,1,0.0045045045045045045,9,0.0003946477528084617,0.0,841,841,887,841
provide accurate,7,1,0.0045045045045045045,9,0.00034481051658759245,0.0,841,841,1372,841
provided,1,1,0.0045045045045045045,9,0.00035297188875826196,0.0,841,841,1160,841
provides,5,1,0.0045045045045045045,9,0.0003361358815671542,0.0,841,841,1621,841
provides higher,4,1,0.0045045045045045045,9,0.0003417238928954397,0.0,841,841,1478,841
pruning,8,2,0.009009009009009009,18,0.0005963934181480198,0.0017143560882638279,169,169,609,393
public dataset,9,1,0.0045045045045045045,9,0.00035398901809038116,0.0,841,841,1146,841
public safety,3,1,0.0045045045045045045,9,0.0003438666696948735,0.0,841,841,1402,841
pure transformer,1,2,0.008508508508508508,18,0.0005833388132114631,0.0005713700563434999,756,169,714,799
purpose,4,1,0.0045045045045045045,9,0.00035016297210492526,0.0,841,841,1239,841
quantile,9,1,0.0045045045045045045,9,0.00038268491253830577,0.0,841,841,941,841
query,3,2,0.009009009009009009,18,0.0006167253274969813,0.001515692941188678,169,169,361,490
quite,4,1,0.0045045045045045045,9,0.00035473154390683185,0.0,841,841,1130,841
random forest,9,1,0.0045045045045045045,9,0.00038721384605624467,0.0,841,841,910,841
range,1,1,0.0045045045045045045,9,0.00031724588289935775,0.0,841,841,1962,841
range spatial,1,1,0.0045045045045045045,9,0.00031333432375148387,0.0,841,841,1980,841
range spatial dependency,1,1,0.0045045045045045045,9,0.0003270179390441081,0.0,841,841,1839,841
range spatial temporal,3,1,0.0045045045045045045,9,0.00036330136449938376,0.0,841,841,1055,841
range traffic,4,1,0.0045045045045045045,9,0.00033769988213753745,0.0,841,841,1587,841
ranked,2,1,0.0045045045045045045,9,0.00033911862052144956,0.0,841,841,1544,841
rapid development,1,1,0.0045045045045045045,9,0.0003747293303697554,0.0,841,841,957,841
rapid urbanization,8,2,0.009009009009009009,18,0.0005881259270618007,0.0013177010370943416,169,169,670,593
raw data,7,1,0.0045045045045045045,9,0.00034591226138424306,0.0,841,841,1336,841
real life,9,1,0.0045045045045045045,9,0.0003654478228597769,0.0,841,841,1021,841
real time,5,7,0.03153153153153153,63,0.0019288927307076315,0.024627762853328457,7,7,9,9
real time route,10,1,0.0045045045045045045,9,0.00034432985747182,0.0,841,841,1389,841
real time traffic,6,1,0.0045045045045045045,9,0.0003471358104013156,0.0,841,841,1305,841
real traffic data,1,2,0.009009009009009009,18,0.0006064771471348104,0.00185043633028649,169,169,482,338
real traffic flow,9,1,0.0045045045045045045,9,0.00044041495779824336,0.0,841,841,841,841
real world deployment,4,1,0.0045045045045045045,9,0.00035051324883946314,0.0,841,841,1214,841
real world urban,5,1,0.0045045045045045045,9,0.0003575036173470864,0.0,841,841,1099,841
reasoning,2,1,0.0045045045045045045,9,0.00031790475016269117,0.0,841,841,1957,841
recent advance,7,1,0.0045045045045045045,9,0.0003946477528084617,0.0,841,841,887,841
recent decade,4,1,0.0045045045045045045,9,0.00033141553678308846,0.0,841,841,1766,841
recent development,5,1,0.0045045045045045045,9,0.000403889903106254,0.0,841,841,865,841
recent graph,9,1,0.0045045045045045045,9,0.000356904273183003,0.0,841,841,1109,841
recent work,3,2,0.009009009009009009,18,0.0005934853316654055,0.0017346273922887667,169,169,634,381
recent year,9,1,0.0045045045045045045,9,0.0003663325986737007,0.0,841,841,1016,841
reconstruction,4,2,0.009009009009009009,18,0.0005995531268648175,0.0013911849275324618,169,169,571,551
record,9,1,0.0045045045045045045,9,0.0003654478228597769,0.0,841,841,1021,841
recurrent network,1,5,0.02102102102102102,45,0.0013201103108789847,0.007145628767928949,36,22,41,75
recurrent neural,1,6,0.026026026026026026,54,0.0015860795526543396,0.024513724850059516,18,13,18,10
recurrent unit,1,1,0.0045045045045045045,9,0.0003350018973969586,0.0,841,841,1666,841
reduce computational,1,2,0.009009009009009009,18,0.0005995016503326166,0.001651113469255299,169,169,573,419
reducing training,5,1,0.0045045045045045045,9,0.00034132556977344795,0.0,841,841,1490,841
reduction,6,2,0.009009009009009009,18,0.0006015446482619367,0.0012187384059691548,169,169,542,633
refine prediction,1,1,0.0045045045045045045,9,0.0003739286444084564,0.0,841,841,975,841
regime,2,3,0.013013013013013013,27,0.000907497294772975,0.005618241013665301,141,86,90,94
region,3,2,0.009009009009009009,18,0.0006082966309015799,0.0015865690975940682,169,169,463,450
regional,4,2,0.009009009009009009,18,0.000582359942869818,0.002141771686879574,169,169,724,273
regression,9,2,0.009009009009009009,18,0.0006644938333340127,0.002539217170978655,169,169,195,212
regular,5,1,0.0045045045045045045,9,0.0003275253845088161,0.0,841,841,1827,841
regular traffic,3,1,0.0045045045045045045,9,0.00034633552741447534,0.0,841,841,1323,841
regularity,6,1,0.0045045045045045045,9,0.0003330698067944261,0.0,841,841,1714,841
regularized,7,2,0.009009009009009009,18,0.0006363094113936036,0.0017563311052286629,169,169,249,373
reinforcement learning,5,2,0.009009009009009009,18,0.0005992435481982351,0.0013150091009652626,169,169,575,594
relation,2,5,0.02252252252252252,45,0.0014362031813781636,0.013482791763034335,22,22,23,27
relative,6,2,0.009009009009009009,18,0.0006096339160690678,0.0014303588927182343,169,169,438,536
relatively,7,1,0.0045045045045045045,9,0.0003830419338418781,0.0,841,841,934,841
reliability,1,1,0.0045045045045045045,9,0.0003426117088728549,0.0,841,841,1427,841
reliable,3,1,0.0045045045045045045,9,0.00034633552741447534,0.0,841,841,1323,841
reliable explanation,4,1,0.0045045045045045045,9,0.000341945333780411,0.0,841,841,1466,841
reliable prediction,1,1,0.0045045045045045045,9,0.00034133061386441664,0.0,841,841,1487,841
reliable traffic,4,1,0.0045045045045045045,9,0.0003515097597536167,0.0,841,841,1179,841
reliable traffic prediction,1,1,0.0045045045045045045,9,0.0003278629623571855,0.0,841,841,1819,841
relies,2,1,0.0045045045045045045,9,0.00034195861057162197,0.0,841,841,1457,841
rely solely,1,1,0.0045045045045045045,9,0.00032515789514686697,0.0,841,841,1871,841
remains underexplored,7,1,0.0045045045045045045,9,0.00034446281948899947,0.0,841,841,1380,841
reported,1,1,0.0045045045045045045,9,0.0003237850543945733,0.0,841,841,1903,841
represent,1,1,0.0045045045045045045,9,0.00035297188875826196,0.0,841,841,1160,841
represent traffic,3,2,0.009009009009009009,18,0.0006140775384677283,0.0014523660438209172,169,169,393,523
representation,4,1,0.0045045045045045045,9,0.00035051324883946314,0.0,841,841,1214,841
representation learning,2,1,0.0045045045045045045,9,0.0003484152509775064,0.0,841,841,1268,841
representative,9,1,0.0045045045045045045,9,0.00040532761256917575,0.0,841,841,858,841
representing,8,1,0.0045045045045045045,9,0.0003991391797309621,0.0,841,841,880,841
require intricate,9,1,0.0045045045045045045,9,0.00034132042035341824,0.0,841,841,1493,841
rerouting,3,1,0.0045045045045045045,9,0.00033877303972076547,0.0,841,841,1559,841
research field,4,1,0.0045045045045045045,9,0.00040991929184061896,0.0,841,841,850,841
research opportunity,5,1,0.0045045045045045045,9,0.000403889903106254,0.0,841,841,865,841
residual,5,2,0.009009009009009009,18,0.0006189573924118939,0.0011834676978340205,169,169,347,646
resolution data,7,1,0.0045045045045045045,9,0.00034591226138424306,0.0,841,841,1336,841
resource,9,1,0.0045045045045045045,9,0.00035352384199219093,0.0,841,841,1150,841
resource constrained,9,1,0.0045045045045045045,9,0.000356904273183003,0.0,841,841,1109,841
resource consumption,1,2,0.009009009009009009,18,0.0006007514377726182,0.0017542981679499617,169,169,553,374
retrieval,5,1,0.0045045045045045045,9,0.00034303526528471704,0.0,841,841,1418,841
review,5,1,0.0045045045045045045,9,0.000403889903106254,0.0,841,841,865,841
rmse,8,2,0.009009009009009009,18,0.0006007104586291403,0.0017025647071997581,169,169,556,397
rmse value,5,1,0.0045045045045045045,9,0.00033992028884987963,0.0,841,841,1523,841
rnn,6,1,0.0045045045045045045,9,0.0003569527144025537,0.0,841,841,1104,841
road condition,3,2,0.009009009009009009,18,0.0005818428043309648,0.003488779483295019,169,169,730,161
road congestion,3,1,0.0045045045045045045,9,0.00033877303972076547,0.0,841,841,1559,841
road geometry,1,1,0.0045045045045045045,9,0.00034133061386441664,0.0,841,841,1487,841
road graph,1,1,0.0045045045045045045,9,0.00033087326658329323,0.0,841,841,1771,841
road link,6,2,0.009009009009009009,18,0.0006217845758273774,0.0010518905036469059,169,169,326,701
road network,1,2,0.009009009009009009,18,0.0006189411522688075,0.0031308076126593766,169,169,349,175
road safety,8,1,0.0045045045045045045,9,0.00034220121688223996,0.0,841,841,1450,841
road segment,6,3,0.013513513513513514,27,0.0008215118807530614,0.00402718934762862,86,86,163,141
road traffic forecasting,8,1,0.0045045045045045045,9,0.0003324715699954703,0.0,841,841,1731,841
roadway,1,1,0.0045045045045045045,9,0.00034986761668324306,0.0,841,841,1248,841
roadway capacity,10,2,0.008008008008008008,18,0.0006248678404522484,0.0008241876827663651,809,169,311,763
robust traffic,2,1,0.0045045045045045045,9,0.00036661747478862233,0.0,841,841,998,841
root mean square,8,2,0.008508508508508508,18,0.0006283450567600683,0.0007058740499121981,756,169,287,787
root mean squared,8,1,0.0045045045045045045,9,0.00035046868737183794,0.0,841,841,1220,841
routing,8,1,0.0045045045045045045,9,0.0003267913014975289,0.0,841,841,1847,841
rush hour,8,1,0.0045045045045045045,9,0.00035046868737183794,0.0,841,841,1220,841
sample,5,1,0.0045045045045045045,9,0.00034938414989563367,0.0,841,841,1258,841
sampling,6,1,0.0045045045045045045,9,0.00032163876853404436,0.0,841,841,1934,841
satisfactory,8,1,0.0045045045045045045,9,0.00035905013491401645,0.0,841,841,1085,841
scalability,7,1,0.0045045045045045045,9,0.0003624838791984727,0.0,841,841,1067,841
scalable,1,2,0.009009009009009009,18,0.0005673990783340546,0.002135766809151441,169,169,810,276
scalable traffic,7,1,0.0045045045045045045,9,0.000340096580428476,0.0,841,841,1519,841
scalable traffic forecasting,4,1,0.0045045045045045045,9,0.0003448408349201775,0.0,841,841,1368,841
scale attention,5,1,0.0045045045045045045,9,0.0003323541960691198,0.0,841,841,1744,841
scale real world,1,1,0.0045045045045045045,9,0.0003350898785499002,0.0,841,841,1662,841
scale representation,4,1,0.0045045045045045045,9,0.0003451253119763605,0.0,841,841,1353,841
scale road network,7,1,0.0045045045045045045,9,0.0003624838791984727,0.0,841,841,1067,841
scale spatial temporal,1,1,0.0045045045045045045,9,0.0003350018973969586,0.0,841,841,1666,841
scale spatio,10,1,0.0045045045045045045,9,0.0003686494656052121,0.0,841,841,981,841
scale traffic,2,1,0.0045045045045045045,9,0.00032007809104347284,0.0,841,841,1939,841
scale traffic data,1,1,0.0045045045045045045,9,0.0003391726983190417,0.0,841,841,1540,841
scale traffic forecasting,1,2,0.008508508508508508,18,0.000583366230475154,0.00041663696399071615,756,169,713,820
scale transportation network,5,2,0.0065065065065065065,18,0.0005812562957625391,4.587836207252372e-05,836,169,740,836
scheduling,2,1,0.0045045045045045045,9,0.0003510456623448017,0.0,841,841,1192,841
seasonality,3,1,0.0045045045045045045,9,0.0003438666696948735,0.0,841,841,1402,841
second,7,4,0.018018018018018018,36,0.00114883498793669,0.009041452922003111,43,43,52,51
segment,1,3,0.013513513513513514,27,0.0008278416338993581,0.003805919118722815,86,86,159,148
select,7,1,0.0045045045045045045,9,0.0003279835064666862,0.0,841,841,1814,841
selected,4,1,0.0045045045045045045,9,0.00034839911742995513,0.0,841,841,1272,841
selection,3,1,0.0045045045045045045,9,0.0003324052203310869,0.0,841,841,1741,841
selective state,1,1,0.0045045045045045045,9,0.000332775903774928,0.0,841,841,1724,841
self adaptive,1,1,0.0045045045045045045,9,0.00032262186320394207,0.0,841,841,1921,841
self attention,1,4,0.017517517517517518,36,0.0011096248784846967,0.006015120433646003,66,43,71,89
self attention mechanism,6,3,0.013513513513513514,27,0.0008548631971325018,0.004517258942064318,86,86,135,125
self attention module,1,1,0.0045045045045045045,9,0.0003488239192326877,0.0,841,841,1262,841
self supervised,2,2,0.009009009009009009,18,0.0006114122979088047,0.004457784458102704,169,169,423,127
semantic,4,1,0.0045045045045045045,9,0.00035016297210492526,0.0,841,841,1239,841
semi,2,1,0.0045045045045045045,9,0.0003393291223266021,0.0,841,841,1534,841
semi decentralized,8,2,0.008008008008008008,18,0.0005666678531241133,0.0008530592800902045,809,169,812,752
sensing,5,2,0.009009009009009009,18,0.0006118348726804047,0.0026957091288686195,169,169,418,198
sensing infrastructure,9,1,0.0045045045045045045,9,0.0003458421582256789,0.0,841,841,1340,841
sensor,4,3,0.013513513513513514,27,0.0008896357234362074,0.0037470011619244385,86,86,98,151
sensor deployed,7,1,0.0045045045045045045,9,0.0003424534108746546,0.0,841,841,1431,841
sensor graph,8,1,0.0045045045045045045,9,0.00036334466916563565,0.0,841,841,1052,841
sensor installed,5,1,0.0045045045045045045,9,0.000344356305932826,0.0,841,841,1384,841
sensor location,3,2,0.009009009009009009,18,0.000618189330818578,0.001942080921986038,169,169,353,318
sensor network,1,1,0.0045045045045045045,9,0.00032238657047370357,0.0,841,841,1924,841
separate,1,1,0.0045045045045045045,9,0.00036638525606934167,0.0,841,841,1009,841
separately,4,1,0.0045045045045045045,9,0.0003375542929021625,0.0,841,841,1590,841
seq2seq,6,1,0.0045045045045045045,9,0.00037440140562638736,0.0,841,841,969,841
sequence,2,4,0.018018018018018018,36,0.0010846811305086606,0.007139087064841538,43,43,76,76
sequential data,4,2,0.009009009009009009,18,0.0006154024985014012,0.0013552865266103643,169,169,377,574
series data,10,1,0.0045045045045045045,9,0.00034671997057992475,0.0,841,841,1310,841
series prediction,4,1,0.0045045045045045045,9,0.00032767810573267097,0.0,841,841,1822,841
set,1,1,0.0045045045045045045,9,0.00033840543564258446,0.0,841,841,1567,841
setup,2,2,0.009009009009009009,18,0.0005661992584485821,0.002312247833221581,169,169,815,236
shift,1,1,0.0045045045045045045,9,0.00032262186320394207,0.0,841,841,1921,841
shifting,8,2,0.009009009009009009,18,0.0006810456961548893,0.003018857351350287,169,169,178,177
short,6,1,0.0045045045045045045,9,0.00034686505391672717,0.0,841,841,1307,841
short term,8,3,0.013513513513513514,27,0.0008769456754013467,0.0037151359248621778,86,86,110,153
short term forecast,5,1,0.0045045045045045045,9,0.000344356305932826,0.0,841,841,1384,841
short term memory,4,2,0.008508508508508508,18,0.0006306604004853109,0.0008325699239943036,756,169,274,760
short term temporal,6,1,0.0045045045045045045,9,0.0003504132270232911,0.0,841,841,1224,841
short term traffic,3,8,0.03403403403403403,72,0.002162360356333865,0.038580164256114644,6,5,6,3
shot,2,4,0.017017017017017015,36,0.0010743438425014024,0.008693586523387661,74,43,79,54
shot forecasting,2,1,0.0045045045045045045,9,0.0003417784365211632,0.0,841,841,1470,841
shot learning,7,1,0.0045045045045045045,9,0.0003839510610379625,0.0,841,841,927,841
shot traffic forecasting,2,3,0.011511511511511512,27,0.0008507566156400844,0.0031860866222537857,166,86,142,172
signal,1,3,0.013513513513513514,27,0.0008487104644349118,0.00683895597358547,86,86,145,78
signal control,2,1,0.0045045045045045045,9,0.00034510748976035856,0.0,841,841,1357,841
significant attention,4,1,0.0045045045045045045,9,0.0003375542929021625,0.0,841,841,1590,841
significant importance,1,1,0.0045045045045045045,9,0.00033227264420497874,0.0,841,841,1751,841
significant improvement,3,1,0.0045045045045045045,9,0.00033053379241478444,0.0,841,841,1785,841
significant stride,4,2,0.008508508508508508,18,0.0006621718793618258,0.0008539305243484778,756,169,197,751
significantly improving,1,1,0.0045045045045045045,9,0.000332775903774928,0.0,841,841,1724,841
similarity,4,2,0.009009009009009009,18,0.000626454138868708,0.0013149639831934,169,169,299,595
simple,2,1,0.0045045045045045045,9,0.0003466922232108842,0.0,841,841,1319,841
simulated data,9,1,0.0045045045045045045,9,0.0003872138460562447,0.0,841,841,908,841
simultaneously,7,1,0.0045045045045045045,9,0.00032725746730845497,0.0,841,841,1836,841
simultaneously predict,3,2,0.009009009009009009,18,0.0006297315144510405,0.001795472351954131,169,169,281,361
single,2,4,0.018018018018018018,36,0.0011483754354883143,0.008268589563322994,43,43,54,61
single dimension,1,1,0.0045045045045045045,9,0.00031820932486209595,0.0,841,841,1951,841
situation,5,1,0.0045045045045045045,9,0.0003454211761541051,0.0,841,841,1349,841
skip,8,1,0.0045045045045045045,9,0.00036379565139260797,0.0,841,841,1037,841
skip connection,3,2,0.009009009009009009,18,0.0006301128365611495,0.0017350251070973718,169,169,279,380
slice,4,2,0.009009009009009009,18,0.0005989756453208399,0.0017860786483391668,169,169,578,363
slow,8,1,0.0045045045045045045,9,0.00035046868737183794,0.0,841,841,1220,841
small,5,1,0.0045045045045045045,9,0.0003745983971676637,0.0,841,841,963,841
smaller,2,1,0.0045045045045045045,9,0.00033945298269491233,0.0,841,841,1530,841
smart city,4,1,0.0045045045045045045,9,0.0003668044628394133,0.0,841,841,992,841
smart mobility,7,2,0.009009009009009009,18,0.000567086808025515,0.0016479557747704487,169,169,811,422
smart transportation,1,1,0.0045045045045045045,9,0.0003444992686063138,0.0,841,841,1376,841
snapshot,1,1,0.0045045045045045045,9,0.00033333543185368506,0.0,841,841,1703,841
social,10,1,0.0045045045045045045,9,0.00034671997057992475,0.0,841,841,1310,841
solution,3,3,0.013013013013013013,27,0.0008400453821651716,0.004294938334240566,141,86,150,133
solve,7,1,0.0045045045045045045,9,0.00036362127891809745,0.0,841,841,1043,841
sota,1,2,0.009009009009009009,18,0.000593104855788503,0.0010648510932482463,169,169,637,693
source,9,1,0.0045045045045045045,9,0.00035352384199219093,0.0,841,841,1150,841
source city,2,1,0.0045045045045045045,9,0.00034195861057162197,0.0,841,841,1457,841
source domain,7,1,0.0045045045045045045,9,0.00036362127891809745,0.0,841,841,1043,841
space,4,2,0.009009009009009009,18,0.0006044781667513797,0.00117756402693133,169,169,497,652
space mapping,4,1,0.0045045045045045045,9,0.00034839911742995513,0.0,841,841,1272,841
space time,7,1,0.0045045045045045045,9,0.0003268106302990227,0.0,841,841,1845,841
sparse,3,4,0.017517517517517518,36,0.0011193316788032052,0.010135157272390971,66,43,66,44
spatial attention,6,1,0.0045045045045045045,9,0.0003330698067944261,0.0,841,841,1714,841
spatial context,2,1,0.0045045045045045045,9,0.0003498510563145086,0.0,841,841,1253,841
spatial correlation,6,6,0.026526526526526525,54,0.001574941839610331,0.018528670278879666,15,13,20,21
spatial dependence,6,2,0.009009009009009009,18,0.0006250262699124142,0.0011166339260942043,169,169,309,675
spatial dependency,1,6,0.026526526526526525,54,0.001576903408717755,0.02001481908042745,15,13,19,18
spatial dimension,1,1,0.0045045045045045045,9,0.00033333543185368506,0.0,841,841,1703,841
spatial factor,4,1,0.0045045045045045045,9,0.00035473154390683185,0.0,841,841,1130,841
spatial feature,1,1,0.0045045045045045045,9,0.0003380693875826597,0.0,841,841,1570,841
spatial graph,6,2,0.009009009009009009,18,0.0006395772789512048,0.0020510243665792407,169,169,238,299
spatial influence,2,1,0.0045045045045045045,9,0.000350098037088237,0.0,841,841,1244,841
spatial information,1,3,0.013513513513513514,27,0.0008164942170372123,0.0060988892176843425,86,86,165,87
spatial module,1,1,0.0045045045045045045,9,0.00031142146012316015,0.0,841,841,1989,841
spatial pattern,6,1,0.0045045045045045045,9,0.0003337380442727282,0.0,841,841,1690,841
spatial relationship,6,2,0.009009009009009009,18,0.0005378759426947833,0.0008911054341437463,169,169,840,741
spatial self,1,1,0.0045045045045045045,9,0.0003488239192326877,0.0,841,841,1262,841
spatial temporal,2,4,0.018018018018018018,36,0.0011199412637476597,0.006177004415811655,43,43,65,86
spatial temporal adaptive,1,1,0.0045045045045045045,9,0.0003488239192326877,0.0,841,841,1262,841
spatial temporal correlation,1,3,0.013513513513513514,27,0.0008139515971616235,0.002632381365114124,86,86,166,203
spatial temporal dependence,1,1,0.0045045045045045045,9,0.00034600858222879726,0.0,841,841,1331,841
spatial temporal dependency,1,5,0.02252252252252252,45,0.001396732669868097,0.01209261459341066,22,22,28,31
spatial temporal dynamic,8,1,0.0045045045045045045,9,0.00036379565139260797,0.0,841,841,1037,841
spatial temporal feature,3,2,0.009009009009009009,18,0.0006032112664542414,0.001286383808235516,169,169,514,607
spatial temporal fusion,1,2,0.009009009009009009,18,0.0006172785560723743,0.0011397501878141745,169,169,356,670
spatial temporal graph,1,5,0.022022022022022022,45,0.0013144919790440833,0.009375404419639289,27,22,42,49
spatial temporal information,1,1,0.0045045045045045045,9,0.0003350018973969586,0.0,841,841,1666,841
spatial temporal network,4,2,0.009009009009009009,18,0.0005955135989309319,0.0013499790883532363,169,169,620,576
spatial temporal neural,1,1,0.0045045045045045045,9,0.00033885962944470296,0.0,841,841,1555,841
spatial temporal road,3,1,0.0045045045045045045,9,0.00033287261095477425,0.0,841,841,1719,841
spatial temporal self,2,1,0.0045045045045045045,9,0.00036661747478862233,0.0,841,841,998,841
spatial temporal synchronous,7,1,0.0045045045045045045,9,0.00034608641402713816,0.0,841,841,1327,841
spatial temporal traffic,1,1,0.0045045045045045045,9,0.0003380693875826597,0.0,841,841,1570,841
spatial temporal transformer,1,2,0.009009009009009009,18,0.0005907000770296317,0.0011707798884044074,169,169,655,653
spatial transformer,5,1,0.0045045045045045045,9,0.0003402453641199712,0.0,841,841,1511,841
spatio temporal attention,2,1,0.0045045045045045045,9,0.0003436913091818447,0.0,841,841,1410,841
spatio temporal context,4,1,0.0045045045045045045,9,0.0003515097597536167,0.0,841,841,1179,841
spatio temporal correlation,1,7,0.031031031031031032,63,0.0018684325087143534,0.024206615458381715,9,7,11,11
spatio temporal dependency,3,2,0.009009009009009009,18,0.0005853758855239832,0.00128412977689648,169,169,696,609
spatio temporal dynamic,3,1,0.0045045045045045045,9,0.000343525266927676,0.0,841,841,1414,841
spatio temporal forecasting,4,1,0.0045045045045045045,9,0.00040991929184061896,0.0,841,841,850,841
spatio temporal fusion,10,2,0.009009009009009009,18,0.0006214759065165797,0.0018448482018374414,169,169,327,342
spatio temporal gnn,8,2,0.009009009009009009,18,0.0006302001167994616,0.0015109857844458974,169,169,278,494
spatio temporal gnns,5,1,0.0045045045045045045,9,0.0003575036173470864,0.0,841,841,1099,841
spatio temporal graph,1,9,0.03853853853853854,81,0.0023839207905389935,0.036489427359621,4,3,4,4
spatio temporal heterogeneity,1,2,0.009009009009009009,18,0.0005642633659681866,0.0016489550044784312,169,169,819,420
spatio temporal hierarchical,9,1,0.0045045045045045045,9,0.0003480112881864494,0.0,841,841,1286,841
spatio temporal impact,10,2,0.009009009009009009,18,0.0006501853317455383,0.0014312283034800244,169,169,214,533
spatio temporal joint,1,2,0.009009009009009009,18,0.0005604073875310481,0.0015333309574394587,169,169,825,472
spatio temporal learning,8,1,0.0045045045045045045,9,0.0003457002479490968,0.0,841,841,1343,841
spatio temporal meta,6,1,0.0045045045045045045,9,0.00033339403237273436,0.0,841,841,1697,841
spatio temporal modeling,4,1,0.0045045045045045045,9,0.0003437115683846558,0.0,841,841,1408,841
spatio temporal multi,1,1,0.0045045045045045045,9,0.0003278629623571855,0.0,841,841,1819,841
spatio temporal network,1,1,0.0045045045045045045,9,0.0003553330210296027,0.0,841,841,1124,841
spatio temporal pattern,4,1,0.0045045045045045045,9,0.00033950065369456854,0.0,841,841,1527,841
spatio temporal prediction,4,2,0.009009009009009009,18,0.0005988625214461021,0.0015762931299171704,169,169,583,455
spatio temporal relationship,1,2,0.008508508508508508,18,0.0005866538520715428,0.00044439871992005053,756,169,681,817
spatio temporal representation,3,1,0.0045045045045045045,9,0.0004034808954803171,0.0,841,841,873,841
spatio temporal traffic,4,5,0.021521521521521522,45,0.0014320938721213007,0.012864657283174596,33,22,24,29
spatio temporal transformer,6,2,0.009009009009009009,18,0.0006121665545703521,0.0010354176465913513,169,169,414,705
spatiotemporal,1,1,0.0045045045045045045,9,0.00033597817686684394,0.0,841,841,1632,841
spatiotemporal attention,5,2,0.009009009009009009,18,0.0006123687307983687,0.0018135949567370717,169,169,412,354
spatiotemporal aware,3,1,0.0045045045045045045,9,0.0003438666696948735,0.0,841,841,1402,841
spatiotemporal correlation,6,1,0.0045045045045045045,9,0.00032163876853404436,0.0,841,841,1934,841
spatiotemporal embedding,2,1,0.0045045045045045045,9,0.00033033276874023176,0.0,841,841,1794,841
spatiotemporal feature,2,3,0.013513513513513514,27,0.0008704313801248159,0.005866105998898429,86,86,117,91
spatiotemporal flow,4,1,0.0045045045045045045,9,0.0003346344537538492,0.0,841,841,1674,841
spatiotemporal forecasting,1,1,0.0045045045045045045,9,0.00035854123153371346,0.0,841,841,1087,841
spatiotemporal fusion,2,2,0.009009009009009009,18,0.0005868841814280329,0.0016484910351322135,169,169,679,421
spatiotemporal graph,6,1,0.0045045045045045045,9,0.00034823567538415346,0.0,841,841,1281,841
spatiotemporal graph transformer,1,2,0.009009009009009009,18,0.0005827008897701743,0.0006624375876817142,169,169,721,791
spatiotemporal network,3,2,0.009009009009009009,18,0.0006628579938886885,0.002278341508138142,169,169,196,245
spatiotemporal representation,3,1,0.0045045045045045045,9,0.00038629485286023884,0.0,841,841,914,841
spatiotemporal traffic,1,1,0.0045045045045045045,9,0.0003270179390441081,0.0,841,841,1839,841
spatiotemporal traffic forecasting,7,2,0.008508508508508508,18,0.0006093863571037927,0.0006310365394725156,756,169,441,794
spatiotemporal traffic prediction,8,1,0.0045045045045045045,9,0.0003912439525563985,0.0,841,841,901,841
specialized graph,5,1,0.0045045045045045045,9,0.00034172868681294204,0.0,841,841,1475,841
specially designed,3,2,0.009009009009009009,18,0.000620725674901068,0.001518150067993861,169,169,337,489
specific pattern,1,1,0.0045045045045045045,9,0.00032349871449920267,0.0,841,841,1909,841
spectral,6,1,0.0045045045045045045,9,0.0003363712591963444,0.0,841,841,1614,841
speed forecasting,1,1,0.0045045045045045045,9,0.00034986761668324306,0.0,841,841,1248,841
speed pattern,5,1,0.0045045045045045045,9,0.0003361358815671542,0.0,841,841,1621,841
speed prediction,8,2,0.009009009009009009,18,0.0006367905118761622,0.001217445229608032,169,169,247,634
split,2,1,0.0045045045045045045,9,0.0003270959568897533,0.0,841,841,1837,841
square,4,2,0.009009009009009009,18,0.0006065649342198334,0.00242038810111105,169,169,481,220
st,1,5,0.02252252252252252,45,0.001375187500235835,0.013412820042247257,22,22,33,28
st gnn,8,1,0.0045045045045045045,9,0.0003076654725067395,0.0,841,841,1997,841
st gnns,8,3,0.012512512512512512,27,0.0008233782434028255,0.0031840279991176158,154,86,161,173
st mamba,1,1,0.0045045045045045045,9,0.000332775903774928,0.0,841,841,1724,841
stability,8,1,0.0045045045045045045,9,0.000326229408686118,0.0,841,841,1850,841
stable,10,2,0.009009009009009009,18,0.0006073584797566555,0.0013094575745522179,169,169,475,598
staeformer,1,2,0.009009009009009009,18,0.0006350436496662263,0.0016096495979299628,169,169,253,442
standardized,1,1,0.0045045045045045045,9,0.00031563441575925875,0.0,841,841,1969,841
start,9,1,0.0045045045045045045,9,0.000356904273183003,0.0,841,841,1109,841
state forecasting,6,1,0.0045045045045045045,9,0.00036322060905760256,0.0,841,841,1061,841
state space,1,2,0.008508508508508508,18,0.0005912316718711251,0.00025839333593397453,756,169,650,831
state variable,2,1,0.0045045045045045045,9,0.0003858048077598836,0.0,841,841,920,841
static,8,1,0.0045045045045045045,9,0.0003261577095149525,0.0,841,841,1855,841
static attribute,3,1,0.0045045045045045045,9,0.0003508174822844841,0.0,841,841,1202,841
static graph,1,1,0.0045045045045045045,9,0.00032336024089185027,0.0,841,841,1912,841
static spatial,1,1,0.0045045045045045045,9,0.0003380693875826597,0.0,841,841,1570,841
station,3,2,0.009009009009009009,18,0.0006248708927147612,0.0019666697825915565,169,169,310,310
stationary,8,1,0.0045045045045045045,9,0.00035046868737183794,0.0,841,841,1220,841
statistical,1,3,0.013513513513513514,27,0.0008730649063896505,0.005338279503248896,86,86,114,102
stgcn,6,1,0.0045045045045045045,9,0.0003509386197085235,0.0,841,841,1197,841
stgnns,4,5,0.02252252252252252,45,0.0014166787532257608,0.01568340307642882,22,22,26,24
stochastic,3,1,0.0045045045045045045,9,0.00032962640232379973,0.0,841,841,1800,841
stream,1,3,0.013513513513513514,27,0.000833463159315701,0.00468596122105349,86,86,155,121
streaming,5,1,0.0045045045045045045,9,0.00034241857671728286,0.0,841,841,1435,841
streaming network,8,1,0.0045045045045045045,9,0.0003246483005875779,0.0,841,841,1889,841
streaming traffic,7,1,0.0045045045045045045,9,0.0003424534108746546,0.0,841,841,1431,841
street,2,1,0.0045045045045045045,9,0.0003191186527819389,0.0,841,841,1945,841
strong,4,2,0.009009009009009009,18,0.0006156891221642804,0.002238499605934581,169,169,373,251
strong predictive,1,1,0.0045045045045045045,9,0.00036638525606934167,0.0,841,841,1009,841
structural,3,3,0.013513513513513514,27,0.0008802560834871579,0.007607017688228262,86,86,106,69
structure learning,2,1,0.0045045045045045045,9,0.00035252938527283417,0.0,841,841,1170,841
structured,4,2,0.009009009009009009,18,0.0005935201545916811,0.0013144342038314534,169,169,633,596
student,7,2,0.008508508508508508,18,0.0006089254470112114,0.0012075507345417843,756,169,451,639
subset,4,1,0.0045045045045045045,9,0.00033540219171934824,0.0,841,841,1652,841
sudden speed,9,1,0.0045045045045045045,9,0.00040532761256917575,0.0,841,841,858,841
suited,4,1,0.0045045045045045045,9,0.0003477262307861872,0.0,841,841,1293,841
summarize,9,2,0.009009009009009009,18,0.000601461767526978,0.0029383018527009536,169,169,544,184
super,3,1,0.0045045045045045045,9,0.0003333463520405214,0.0,841,841,1700,841
superior prediction,1,1,0.0045045045045045045,9,0.0003273740959585656,0.0,841,841,1831,841
support,9,1,0.0045045045045045045,9,0.0003663325986737007,0.0,841,841,1016,841
surpasses state,2,1,0.0045045045045045045,9,0.0003374491239073455,0.0,841,841,1594,841
survey,9,4,0.018018018018018018,36,0.0011402193386760684,0.010822434749061102,43,43,56,37
switching,2,1,0.0045045045045045045,9,0.0003858048077598836,0.0,841,841,920,841
synchronous,1,1,0.0045045045045045045,9,0.0003350018973969586,0.0,841,841,1666,841
synthetic data,4,2,0.009009009009009009,18,0.0006108431790707381,0.0013776342316801026,169,169,429,560
taken,1,1,0.0045045045045045045,9,0.00034986761668324306,0.0,841,841,1248,841
target city,2,1,0.0045045045045045045,9,0.00034195861057162197,0.0,841,841,1457,841
target domain,7,2,0.009009009009009009,18,0.0006391321657946058,0.0018452728008047617,169,169,240,341
taxonomy,9,1,0.0045045045045045045,9,0.00035398901809038116,0.0,841,841,1146,841
tcn,1,1,0.0045045045045045045,9,0.00033541761858173674,0.0,841,841,1646,841
teacher,7,2,0.008508508508508508,18,0.0006089254470112114,0.0012075507345417843,756,169,451,639
team,10,1,0.0045045045045045045,9,0.00034019141922584127,0.0,841,841,1515,841
technical report,7,1,0.0045045045045045045,9,0.0003830419338418781,0.0,841,841,934,841
technique,1,1,0.0045045045045045045,9,0.00035125426368814793,0.0,841,841,1187,841
technology,1,1,0.0045045045045045045,9,0.00032273829029908857,0.0,841,841,1919,841
temporal adaptive embedding,1,1,0.0045045045045045045,9,0.0003747293303697554,0.0,841,841,957,841
temporal aspect,1,2,0.009009009009009009,18,0.000644485093981995,0.0018748421540521632,169,169,227,332
temporal attention,1,1,0.0045045045045045045,9,0.00035854123153371346,0.0,841,841,1087,841
temporal component,2,1,0.0045045045045045045,9,0.0003374491239073455,0.0,841,841,1594,841
temporal condition,4,1,0.0045045045045045045,9,0.00040991929184061896,0.0,841,841,850,841
temporal convolution,3,1,0.0045045045045045045,9,0.00032427542865284007,0.0,841,841,1898,841
temporal convolution network,1,1,0.0045045045045045045,9,0.00035017547489644117,0.0,841,841,1238,841
temporal correlation,1,1,0.0045045045045045045,9,0.00036021459591885027,0.0,841,841,1077,841
temporal data,1,1,0.0045045045045045045,9,0.000332775903774928,0.0,841,841,1724,841
temporal deep,3,1,0.0045045045045045045,9,0.00032471795951124214,0.0,841,841,1887,841
temporal distribution,2,1,0.0045045045045045045,9,0.00036661747478862233,0.0,841,841,998,841
temporal dynamic,1,1,0.0045045045045045045,9,0.00031357467880826183,0.0,841,841,1977,841
temporal evolution,2,1,0.0045045045045045045,9,0.0003456578083274411,0.0,841,841,1345,841
temporal factor,3,1,0.0045045045045045045,9,0.00032552961271637354,0.0,841,841,1860,841
temporal feature extraction,3,1,0.0045045045045045045,9,0.0003361267682340627,0.0,841,841,1627,841
temporal foundation,9,1,0.0045045045045045045,9,0.00039457535899841426,0.0,841,841,894,841
temporal fusion graph,10,2,0.009009009009009009,18,0.000588473110079457,0.0012671585075213708,169,169,668,613
temporal graph,1,2,0.009009009009009009,18,0.0006027388008059639,0.0019556674513349186,169,169,520,314
temporal graph convolutional,1,6,0.025525525525525526,54,0.0015631053716356866,0.021817859597848998,19,13,21,16
temporal graph learning,1,1,0.0045045045045045045,9,0.00032166866208357974,0.0,841,841,1931,841
temporal graph neural,1,4,0.017017017017017015,36,0.0010461478100009334,0.008395909151828298,74,43,84,59
temporal graph transformer,1,1,0.0045045045045045045,9,0.00032540086952870885,0.0,841,841,1862,841
temporal information,9,1,0.0045045045045045045,9,0.0003798988509895071,0.0,841,841,946,841
temporal learning,5,1,0.0045045045045045045,9,0.000403889903106254,0.0,841,841,865,841
temporal modeling,4,1,0.0045045045045045045,9,0.00035051324883946314,0.0,841,841,1214,841
temporal module,8,1,0.0045045045045045045,9,0.00036379565139260797,0.0,841,841,1037,841
temporal multi,1,1,0.0045045045045045045,9,0.0003739286444084564,0.0,841,841,975,841
temporal pattern,8,1,0.0045045045045045045,9,0.0003991391797309621,0.0,841,841,880,841
temporal position,3,1,0.0045045045045045045,9,0.00036330136449938376,0.0,841,841,1055,841
temporal scale,2,1,0.0045045045045045045,9,0.0003510456623448017,0.0,841,841,1192,841
temporal self,1,1,0.0045045045045045045,9,0.00031335699406809296,0.0,841,841,1978,841
temporal self attention,6,1,0.0045045045045045045,9,0.00035785920938160003,0.0,841,841,1093,841
temporal sequence,1,2,0.009009009009009009,18,0.0006159422177504395,0.0025458677679742595,169,169,370,211
temporal spatial,6,1,0.0045045045045045045,9,0.0003337380442727282,0.0,841,841,1690,841
temporal synchronous,3,1,0.0045045045045045045,9,0.0004034808954803171,0.0,841,841,873,841
temporal time,4,1,0.0045045045045045045,9,0.00040991929184061896,0.0,841,841,850,841
temporal traffic,2,1,0.0045045045045045045,9,0.00034195861057162197,0.0,841,841,1457,841
temporal traffic data,4,1,0.0045045045045045045,9,0.00033639766414617187,0.0,841,841,1611,841
temporal traffic flow,1,1,0.0045045045045045045,9,0.0003380693875826597,0.0,841,841,1570,841
temporal traffic forecasting,4,4,0.017017017017017015,36,0.0012424632928434377,0.008646859943507295,74,43,44,55
temporal transformer,1,1,0.0045045045045045045,9,0.00032484666732510685,0.0,841,841,1882,841
temporal transformer network,1,1,0.0045045045045045045,9,0.00032848382138978287,0.0,841,841,1810,841
temporal unit,4,1,0.0045045045045045045,9,0.00033778264345486774,0.0,841,841,1583,841
tensor decomposition,2,2,0.009009009009009009,18,0.0006011313616161183,0.0012085782675688482,169,169,549,637
tensor graph,2,2,0.009009009009009009,18,0.0006021163572025092,0.0009926534286865516,169,169,530,718
term dependency,1,1,0.0045045045045045045,9,0.00030998527978474104,0.0,841,841,1993,841
term memory,3,1,0.0045045045045045045,9,0.00036494733335843,0.0,841,841,1026,841
term memory network,8,2,0.009009009009009009,18,0.0006081359251100451,0.0028099781942175876,169,169,464,192
term prediction,6,2,0.009009009009009009,18,0.0006352555973713702,0.0011591668026394958,169,169,252,661
term spatio,3,1,0.0045045045045045045,9,0.0004034808954803171,0.0,841,841,873,841
term temporal dependency,6,1,0.0045045045045045045,9,0.0003504132270232911,0.0,841,841,1224,841
term traffic flow,3,4,0.017017017017017015,36,0.0011355381541552699,0.008903161875568342,74,43,59,53
term traffic forecasting,1,7,0.029029029029029027,63,0.0018335805595215415,0.027595519804816625,12,7,12,7
term traffic prediction,1,4,0.017017017017017015,36,0.0010505259374433214,0.010297571213378355,74,43,83,42
term trend,4,1,0.0045045045045045045,9,0.00033769988213753745,0.0,841,841,1587,841
test,7,1,0.0045045045045045045,9,0.00034159522445829335,0.0,841,841,1481,841
test time,2,2,0.009009009009009009,18,0.0005998416761756872,0.0023101175487425275,169,169,567,238
testing phase,3,1,0.0045045045045045045,9,0.00036398076735259154,0.0,841,841,1032,841
tfp,4,1,0.0045045045045045045,9,0.000341945333780411,0.0,841,841,1466,841
theoretical analysis,8,1,0.0045045045045045045,9,0.0003324549096956954,0.0,841,841,1735,841
thoroughly,3,1,0.0045045045045045045,9,0.00038629485286023884,0.0,841,841,914,841
throughput,2,1,0.0045045045045045045,9,0.0003510456623448017,0.0,841,841,1192,841
time data,3,1,0.0045045045045045045,9,0.00032962640232379973,0.0,841,841,1800,841
time delay,1,2,0.009009009009009009,18,0.00056145091374436,0.0011932612330905785,169,169,823,644
time dependent,7,2,0.009009009009009009,18,0.0006030589759387045,0.0021203391019226307,169,169,517,278
time efficient,5,1,0.0045045045045045045,9,0.0003361358815671542,0.0,841,841,1621,841
time embedding,1,1,0.0045045045045045045,9,0.0003344309297502268,0.0,841,841,1677,841
time enhanced,9,1,0.0045045045045045045,9,0.0003798988509895071,0.0,841,841,946,841
time floating,8,1,0.0045045045045045045,9,0.00033018775268612395,0.0,841,841,1797,841
time interval,3,1,0.0045045045045045045,9,0.00036494733335843,0.0,841,841,1026,841
time point,1,2,0.009009009009009009,18,0.000587631469997417,0.0017103729448208667,169,169,672,396
time series,10,4,0.018018018018018018,36,0.0011582998588209226,0.007518677451852762,43,43,50,70
time series forecasting,2,1,0.0045045045045045045,9,0.0003393291223266021,0.0,841,841,1534,841
time spatial,1,1,0.0045045045045045045,9,0.00032336024089185027,0.0,841,841,1912,841
time step,1,5,0.022022022022022022,45,0.0013253167843097666,0.009770161952587732,27,22,40,45
time traffic,7,1,0.0045045045045045045,9,0.00033739103753064605,0.0,841,841,1601,841
time traffic flow,6,1,0.0045045045045045045,9,0.0003471358104013156,0.0,841,841,1305,841
time traffic forecasting,5,1,0.0045045045045045045,9,0.0003454211761541051,0.0,841,841,1349,841
time traffic state,2,1,0.0045045045045045045,9,0.0003374491239073455,0.0,841,841,1594,841
time varying,1,4,0.018018018018018018,36,0.0011112721965188656,0.007172540714317939,43,43,69,74
timely traffic flow,4,1,0.0045045045045045045,9,0.00033540219171934824,0.0,841,841,1652,841
timing,1,2,0.009009009009009009,18,0.000597112239108323,0.0016642313431672838,169,169,604,413
tl,6,3,0.012512512512512512,27,0.0008461475605745064,0.0026132036583967097,154,86,147,206
token,3,2,0.009009009009009009,18,0.0006077913552720528,0.0019246944384807107,169,169,469,324
toll station,8,2,0.0075075075075075074,18,0.0006327633836710038,0.00045992203872212786,823,169,260,811
topological,10,1,0.0045045045045045045,9,0.00033564666916808937,0.0,841,841,1643,841
topology,5,3,0.013013013013013013,27,0.0008962378216093578,0.0036013546714591376,141,86,94,156
traditional forecasting,1,1,0.0045045045045045045,9,0.0003251135836357119,0.0,841,841,1874,841
traditional statistical,1,1,0.0045045045045045045,9,0.00033840543564258446,0.0,841,841,1567,841
traffic accident,1,1,0.0045045045045045045,9,0.00033541761858173674,0.0,841,841,1646,841
traffic analysis,8,1,0.0045045045045045045,9,0.0003324715699954703,0.0,841,841,1731,841
traffic behavior,4,1,0.0045045045045045045,9,0.0003448408349201775,0.0,841,841,1368,841
traffic characteristic,2,1,0.0045045045045045045,9,0.00033911862052144956,0.0,841,841,1544,841
traffic condition,3,2,0.008508508508508508,18,0.0005816854012797049,0.0009266792421322884,756,169,734,735
traffic congestion,7,1,0.0045045045045045045,9,0.0003478505421894477,0.0,841,841,1289,841
traffic control,9,1,0.0045045045045045045,9,0.00044041495779824336,0.0,841,841,841,841
traffic count,5,1,0.0045045045045045045,9,0.00035259740140725245,0.0,841,841,1165,841
traffic data set,8,1,0.0045045045045045045,9,0.00035905013491401645,0.0,841,841,1085,841
traffic demand,5,1,0.0045045045045045045,9,0.0003274280537955403,0.0,841,841,1829,841
traffic detector,5,1,0.0045045045045045045,9,0.0003275253845088161,0.0,841,841,1827,841
traffic domain,4,1,0.0045045045045045045,9,0.0003760025064029048,0.0,841,841,951,841
traffic dynamic,2,1,0.0045045045045045045,9,0.0003427627081172579,0.0,841,841,1422,841
traffic efficiency,4,1,0.0045045045045045045,9,0.00033167911923246156,0.0,841,841,1759,841
traffic feature,1,1,0.0045045045045045045,9,0.00036638525606934167,0.0,841,841,1009,841
traffic flow data,1,3,0.013513513513513514,27,0.0008578093452383031,0.0037609153647018647,86,86,130,150
traffic flow forecasting,1,9,0.04004004004004004,81,0.002437401375797427,0.032713787873025854,3,3,3,6
traffic fluctuation,6,1,0.0045045045045045045,9,0.00030820923273742226,0.0,841,841,1996,841
traffic forecasting problem,2,2,0.009009009009009009,18,0.0006348127273587888,0.0016050968110353152,169,169,254,444
traffic information,4,2,0.009009009009009009,18,0.0005918850200420563,0.0017215650156435197,169,169,642,389
traffic intensity,1,1,0.0045045045045045045,9,0.0003378522459852882,0.0,841,841,1578,841
traffic map,7,1,0.0045045045045045045,9,0.00036639350502630107,0.0,841,841,1004,841
traffic metric,4,1,0.0045045045045045045,9,0.0003477262307861872,0.0,841,841,1293,841
traffic network,5,1,0.0045045045045045045,9,0.00034241857671728286,0.0,841,841,1435,841
traffic node,6,2,0.009009009009009009,18,0.0005771657319601112,0.0016672256437205856,169,169,772,412
traffic observation,4,2,0.009009009009009009,18,0.0005803449580295052,0.002229276907519495,169,169,751,252
traffic parameter,10,2,0.009009009009009009,18,0.0006251134404728958,0.0015563268742404864,169,169,308,464
traffic pattern,2,3,0.012012012012012012,27,0.000851251415943117,0.003981701099505395,160,86,139,142
traffic prediction algorithm,10,1,0.0045045045045045045,9,0.0003686494656052121,0.0,841,841,981,841
traffic predictor,1,1,0.0045045045045045045,9,0.00032349871449920267,0.0,841,841,1909,841
traffic scenario,4,1,0.0045045045045045045,9,0.0003760025064029048,0.0,841,841,951,841
traffic sensing,3,2,0.009009009009009009,18,0.0006195322204379432,0.0021080287808111268,169,169,343,284
traffic sensor,4,3,0.013013013013013013,27,0.0008900837335155742,0.004220839257550592,141,86,97,135
traffic sequence,1,1,0.0045045045045045045,9,0.0003739286444084564,0.0,841,841,975,841
traffic series,2,1,0.0045045045045045045,9,0.0003484152509775064,0.0,841,841,1268,841
traffic situation,6,2,0.009009009009009009,18,0.000586470629958868,0.0010863691167607831,169,169,682,688
traffic speed,6,4,0.018018018018018018,36,0.0011252550647673249,0.007493405214363975,43,43,63,71
traffic speed forecasting,4,2,0.008508508508508508,18,0.0006038549262608063,0.00047098210840198525,756,169,508,809
traffic speed prediction,5,7,0.03003003003003003,63,0.001940261672560214,0.022163230184617192,11,7,8,15
traffic state,3,2,0.009009009009009009,18,0.0006154139551077041,0.0012533187411995028,169,169,376,622
traffic state prediction,7,2,0.009009009009009009,18,0.0006309350525344078,0.0015287666987397416,169,169,270,479
traffic time,2,1,0.0045045045045045045,9,0.0003393291223266021,0.0,841,841,1534,841
traffic trend,6,1,0.0045045045045045045,9,0.00031978224377020043,0.0,841,841,1942,841
traffic volume,8,6,0.026526526526526525,54,0.0016942611584709704,0.022250846317850983,15,13,13,14
traffic4cast,3,2,0.009009009009009009,18,0.0005952072182501582,0.0009815696992074056,169,169,623,720
traffic4cast challenge,7,2,0.009009009009009009,18,0.0006808732679202686,0.0014650716010716704,169,169,179,516
trained,4,3,0.013513513513513514,27,0.0008829140005260175,0.0040409554536756966,86,86,104,140
training data,2,4,0.018018018018018018,36,0.001137845314151448,0.009636145881405319,43,43,57,47
training distribution,2,2,0.009009009009009009,18,0.0006131123273985709,0.001431203428378327,169,169,405,534
training process,6,2,0.009009009009009009,18,0.0006109354505193585,0.00219914718288925,169,169,427,256
training stage,2,1,0.0045045045045045045,9,0.0003417784365211632,0.0,841,841,1470,841
trajectory,8,1,0.0045045045045045045,9,0.0003378570927939625,0.0,841,841,1575,841
transfer,5,2,0.009009009009009009,18,0.0006459565150696324,0.0014231334528243748,169,169,224,540
transfer learning,6,5,0.021521521521521522,45,0.0014001698821055988,0.011106784092351538,33,22,27,35
transferable,4,2,0.009009009009009009,18,0.0005911099560908118,0.002159038496023334,169,169,651,264
transformer,1,5,0.022022022022022022,45,0.0013468804082258075,0.019109591303895262,27,22,36,20
transformer architecture,5,2,0.009009009009009009,18,0.0006044646252365663,0.0017199925288928235,169,169,498,390
transformer network,1,3,0.013513513513513514,27,0.0008296065605356315,0.0026557155911043676,86,86,157,201
transition,4,2,0.009009009009009009,18,0.0006114543109211743,0.0010566811225040434,169,169,422,698
transitional,1,1,0.0045045045045045045,9,0.00031736377703416534,0.0,841,841,1959,841
transmission,4,1,0.0045045045045045045,9,0.000335729231478725,0.0,841,841,1640,841
transmitting,4,2,0.009009009009009009,18,0.0006018015142846635,0.001277606698422831,169,169,537,610
transparency,9,1,0.0045045045045045045,9,0.0003663325986737007,0.0,841,841,1016,841
transport,1,2,0.009009009009009009,18,0.0006091168244054737,0.0007099984494580552,169,169,444,785
transportation application,10,1,0.0045045045045045045,9,0.00034432985747182,0.0,841,841,1389,841
transportation datasets,2,1,0.0045045045045045045,9,0.0003245807656754812,0.0,841,841,1891,841
transportation network,5,7,0.03153153153153153,63,0.0019520699003798482,0.022336359995691262,7,7,7,13
transportation research,1,1,0.0045045045045045045,9,0.0003273740959585656,0.0,841,841,1831,841
travel experience,9,1,0.0045045045045045045,9,0.00039457535899841426,0.0,841,841,894,841
tree,3,1,0.0045045045045045045,9,0.00036330136449938376,0.0,841,841,1055,841
trend,3,4,0.017517517517517518,36,0.001127733341660967,0.007881624781004086,66,43,61,66
tried,7,1,0.0045045045045045045,9,0.00036639350502630107,0.0,841,841,1004,841
try,3,1,0.0045045045045045045,9,0.0003505520884307817,0.0,841,841,1208,841
type,3,2,0.009009009009009009,18,0.0005717481780894367,0.0014757777960739207,169,169,798,510
unavailable,3,1,0.0045045045045045045,9,0.0003419543325514403,0.0,841,841,1465,841
uncertainty,2,4,0.018018018018018018,36,0.001148409498973274,0.00806979654471504,43,43,53,63
uncertainty aware,9,1,0.0045045045045045045,9,0.0003654478228597769,0.0,841,841,1021,841
uncertainty estimate,9,1,0.0045045045045045045,9,0.00038268491253830577,0.0,841,841,941,841
uncertainty estimation,1,2,0.009009009009009009,18,0.000625303801613092,0.0009915796821835614,169,169,306,719
uncertainty quantification,9,1,0.0045045045045045045,9,0.0003654478228597769,0.0,841,841,1021,841
unet,7,2,0.009009009009009009,18,0.0006310669308616753,0.0015000544488665399,169,169,269,495
unified,4,4,0.017517517517517518,36,0.0012109629780248158,0.009725473564551926,66,43,45,46
unified spatial temporal,1,1,0.0045045045045045045,9,0.00033227264420497874,0.0,841,841,1751,841
unified spatio,1,1,0.0045045045045045045,9,0.0003378522459852882,0.0,841,841,1578,841
unique,1,1,0.0045045045045045045,9,0.0003444992686063138,0.0,841,841,1376,841
unique challenge,1,1,0.0045045045045045045,9,0.00036021459591885027,0.0,841,841,1077,841
unit,1,2,0.009009009009009009,18,0.0005979846233296966,0.0015810491610567163,169,169,594,452
universal,2,3,0.013513513513513514,27,0.0009069737714204198,0.005035640095853388,86,86,91,111
universal spatio,1,1,0.0045045045045045045,9,0.0003340279232063302,0.0,841,841,1680,841
unseen region,9,2,0.009009009009009009,18,0.0006612547488962156,0.0032993289622897707,169,169,200,169
unseen road,2,2,0.009009009009009009,18,0.0005973068256626081,0.0018349989095843915,169,169,601,345
unstructured,3,1,0.0045045045045045045,9,0.00034225223316017495,0.0,841,841,1449,841
update,6,1,0.0045045045045045045,9,0.00030365110207431715,0.0,841,841,1999,841
upsampling,3,1,0.0045045045045045045,9,0.00033877303972076547,0.0,841,841,1559,841
urban area,2,1,0.0045045045045045045,9,0.0003367206070180251,0.0,841,841,1604,841
urban context,4,1,0.0045045045045045045,9,0.0003377826434548677,0.0,841,841,1586,841
urban planning,6,1,0.0045045045045045045,9,0.00032297100880853183,0.0,841,841,1917,841
urban space,1,2,0.009009009009009009,18,0.0005748714387644042,0.001456208514746977,169,169,786,522
urban traffic,2,4,0.018018018018018018,36,0.0011790161456417905,0.0076533008214437,43,43,48,67
urban traffic control,1,2,0.009009009009009009,18,0.0006027968871826634,0.0013208650109459035,169,169,518,592
urban traffic forecasting,2,1,0.0045045045045045045,9,0.0003498510563145086,0.0,841,841,1253,841
urban traffic speed,5,1,0.0045045045045045045,9,0.00034024536411997124,0.0,841,841,1510,841
urbanization,10,1,0.0045045045045045045,9,0.00034019141922584127,0.0,841,841,1515,841
user,3,2,0.009009009009009009,18,0.0006152415373528527,0.0017184215954310848,169,169,378,391
v,3,2,0.009009009009009009,18,0.0005819621820121847,0.0018981909677505179,169,169,728,328
validity,1,1,0.0045045045045045045,9,0.0003278629623571855,0.0,841,841,1819,841
valuable insight,4,1,0.0045045045045045045,9,0.00033167911923246156,0.0,841,841,1759,841
vanilla transformer,1,1,0.0045045045045045045,9,0.0003747293303697554,0.0,841,841,957,841
variable,8,2,0.009009009009009009,18,0.0005859072362822892,0.0015827202561617328,169,169,690,451
variation,9,2,0.009009009009009009,18,0.0006985505260978409,0.0014795254019791808,169,169,174,508
variational,3,3,0.013513513513513514,27,0.0008774425981827334,0.005302149432801919,86,86,109,104
various event,8,1,0.0045045045045045045,9,0.0003378570927939625,0.0,841,841,1575,841
various scale,5,1,0.0045045045045045045,9,0.0003323541960691198,0.0,841,841,1744,841
various spatial,2,1,0.0045045045045045045,9,0.0003367206070180251,0.0,841,841,1604,841
various traffic,1,1,0.0045045045045045045,9,0.00031557359405560113,0.0,841,841,1972,841
various traffic forecasting,5,1,0.0045045045045045045,9,0.0003454211761541051,0.0,841,841,1349,841
varying road,3,1,0.0045045045045045045,9,0.00033287261095477425,0.0,841,841,1719,841
vector,1,1,0.0045045045045045045,9,0.00031648336557763706,0.0,841,841,1967,841
vehicle,2,1,0.0045045045045045045,9,0.00034510748976035856,0.0,841,841,1357,841
vertex,3,2,0.009009009009009009,18,0.0005953728774110472,0.001952903188697029,169,169,622,315
view,6,2,0.009009009009009009,18,0.0006035197181589599,0.0015866135625308138,169,169,511,449
virtual,1,2,0.009009009009009009,18,0.0006009555567789623,0.0011688542934316709,169,169,552,656
visibility,1,1,0.0045045045045045045,9,0.00033333543185368506,0.0,841,841,1703,841
visual,3,1,0.0045045045045045045,9,0.0003325494446126156,0.0,841,841,1729,841
visualization,9,1,0.0045045045045045045,9,0.0003663325986737007,0.0,841,841,1016,841
volume prediction,1,1,0.0045045045045045045,9,0.00033604073769548956,0.0,841,841,1629,841
vulnerability,7,1,0.0045045045045045045,9,0.0003279835064666862,0.0,841,841,1814,841
wave,2,1,0.0045045045045045045,9,0.0003427627081172579,0.0,841,841,1422,841
wavelet,1,2,0.009009009009009009,18,0.0006148796707438462,0.0013810565158658076,169,169,383,557
way,2,1,0.0045045045045045045,9,0.0003498510563145086,0.0,841,841,1253,841
weakness,1,2,0.009009009009009009,18,0.000560318101837539,0.0012605936893255946,169,169,826,616
weekly,5,1,0.0045045045045045045,9,0.00034209838720569973,0.0,841,841,1453,841
weight,9,1,0.0045045045045045045,9,0.0003872138460562447,0.0,841,841,908,841
weighted,1,2,0.009009009009009009,18,0.0005955895724850522,0.0014926159645014612,169,169,618,499
wide traffic prediction,10,1,0.0045045045045045045,9,0.0003467100408202343,0.0,841,841,1315,841
wide traffic state,10,2,0.009009009009009009,18,0.0006229583864599161,0.0013894125173498574,169,169,319,553
wise,8,3,0.013513513513513514,27,0.0008370618713704273,0.0053428352080079865,86,86,153,101
work utilize,3,2,0.009009009009009009,18,0.0007212135773926455,0.0015584228491429231,169,169,169,462
work zone,1,2,0.009009009009009009,18,0.0006056492419271493,0.0016760752695450596,169,169,489,408
world traffic forecasting,1,1,0.0045045045045045045,9,0.0003747293303697554,0.0,841,841,957,841
xxltraffic,7,2,0.008508508508508508,18,0.000621327688141636,0.0006478745346099263,756,169,332,792
year,7,1,0.0045045045045045045,9,0.0003482946346312535,0.0,841,841,1277,841
yield,7,1,0.0045045045045045045,9,0.0003268106302990227,0.0,841,841,1845,841
york city,9,1,0.0045045045045045045,9,0.00044041495779824336,0.0,841,841,841,841
zero shot,9,1,0.0045045045045045045,9,0.00039457535899841426,0.0,841,841,894,841
